#hot_humid|deep_cave|top|||fill|||stone||||dungeon||||dungeon_alt|||
#hot_humid|cave|top|||fill|||stone||||dungeon||||dungeon_alt|||
hot_humid|ocean|top|||fill|coral_stone,coral_skeleton|coral_tube_coral_skeleton,coral_horn_coral_skeleton|coral_bubble_coral_skeleton,coral_fire_coral_skeleton|stone|stone_sandstone,stone_sandstone|stone_sandstone,stone_sandstone|stone_sandstone,stone_sandstone|dungeon|stone_travertine,stone_travertine|stone_travertine,stone_travertine|stone_travertine,stone_travertine|dungeon_alt|stone_with_moss,stone_with_algae|stone_with_algae,stone_with_lichen|mineral_salt_crystal,stone_with_salt
hot_humid|beach|top|||fill|mud_mangrove,mud_mangrove|dirt_mud_01,dirt_mud_01|sand_volcanic,sand_black|stone|stone_sandstone,stone_sandstone|stone_sandstone,stone_sandstone|stone_sandstone,stone_sandstone|dungeon|stone_travertine,stone_travertine|stone_travertine,stone_travertine|stone_travertine,stone_travertine|dungeon_alt|stone_with_moss,stone_with_algae|stone_with_algae,stone_with_lichen|mineral_salt_crystal,stone_with_salt
hot_humid|coastal|top|_with_litter_rainforest,_with_litter_dark|_with_grass_hot_humid_pale,|fill|dirt_clayey,dirt_clay_red|dirt_sandy,dirt_sand|dirt_silty,dirt_silt_01|stone|stone_sandstone_desert_stone,stone_desert|stone_sandstone,stone_sandstone_desert|stone_siltstone,stone|dungeon|stone_travertine,stone_travertine|stone_travertine,stone_travertine|stone_travertine,stone_travertine|dungeon_alt|stone_with_moss,stone_with_algae|stone_with_algae,stone_with_lichen|mineral_salt_crystal,stone_with_salt
hot_humid|lowland|top|_with_litter_rainforest,_with_litter_dark|_with_grass_hot_humid_pale,|fill|dirt_clayey,dirt_clay_red|dirt_sandy,dirt_sand|dirt_silty,dirt_silt_01|stone|stone_sandstone_desert_stone,stone_desert|stone_sandstone,stone_sandstone_desert|stone_siltstone,stone|dungeon|stone_travertine,stone_travertine|stone_travertine,stone_travertine|stone_travertine,stone_travertine|dungeon_alt|stone_with_moss,stone_with_algae|stone_with_algae,stone_with_lichen|mineral_salt_crystal,stone_with_salt
hot_humid|shelf|top|_with_litter_rainforest,_with_litter_dark|_with_grass_hot_humid_pale,|fill|dirt_clayey,dirt_clay_red|dirt_sandy,dirt_sand|dirt_silty,dirt_silt_01|stone|stone_sandstone_desert_stone,stone_desert|stone_sandstone,stone_sandstone_desert|stone_siltstone,stone|dungeon|stone_travertine,stone_travertine|stone_travertine,stone_travertine|stone_travertine,stone_travertine|dungeon_alt|stone_with_moss,stone_with_algae|stone_with_algae,stone_with_lichen|mineral_salt_crystal,stone_with_salt
hot_humid|highland|top|_with_litter_rainforest,_with_litter_dark|_with_grass_hot_humid_pale,|fill|dirt_clayey,dirt_clay_red|dirt_sandy,dirt_sand|dirt_silty,dirt_silt_01|stone|stone_sandstone_desert_stone,stone_desert|stone_sandstone,stone_sandstone_desert|stone_siltstone,stone|dungeon|stone_travertine,stone_travertine|stone_travertine,stone_travertine|stone_travertine,stone_travertine|dungeon_alt|stone_with_moss,stone_with_algae|stone_with_algae,stone_with_lichen|mineral_salt_crystal,stone_with_salt
hot_humid|mountain|top|||fill|stone_granite_01,stone_granite_brown|stone_basalt_01,stone_gabbro|stone_sandstone_desert,stone_sand|stone|stone_granite_black,stone_granite_brown_02|stone_basalt_02,stone_diorite|stone_desert,stone_brown|dungeon|stone_travertine,stone_travertine|stone_travertine,stone_travertine|stone_travertine,stone_travertine|dungeon_alt|stone_with_moss,stone_with_algae|stone_with_algae,stone_with_lichen|mineral_salt_crystal,stone_with_salt
hot_humid|strato|top|||fill|stone_granite_01,stone_granite_brown|stone_basalt_01,stone_gabbro|stone_sandstone_desert,stone_sand|stone|stone_granite_black,stone_granite_brown_02|stone_basalt_02,stone_diorite|stone_desert,stone_brown|dungeon|stone_travertine,stone_travertine|stone_travertine,stone_travertine|stone_travertine,stone_travertine|dungeon_alt|stone_with_moss,stone_with_algae|stone_with_algae,stone_with_lichen|mineral_salt_crystal,stone_with_salt
#
#hot_semihumid|deep_cave|top|||fill|||stone||||dungeon||||dungeon_alt|||
#hot_semihumid|cave|top|||fill|||stone||||dungeon||||dungeon_alt|||
hot_semihumid|ocean|top|||fill|sand,sand|sand,sand|sand,sand|stone|stone_sandstone,stone_sandstone|stone_sandstone,stone_sandstone|stone_sandstone,stone_sandstone|dungeon|stone_travertine,stone_travertine|stone_travertine,stone_travertine|stone_travertine,stone_travertine|dungeon_alt|stone_with_moss,stone_with_algae|stone_with_algae,stone_with_lichen|mineral_salt_crystal,stone_with_salt
hot_semihumid|beach|top|||fill|mud_mangrove,mud_mangrove|dirt_mud_01,dirt_mud_01|sand_volcanic,sand_black|stone|stone_sandstone,stone_sandstone|stone_sandstone,stone_sandstone|stone_sandstone,stone_sandstone|dungeon|stone_travertine,stone_travertine|stone_travertine,stone_travertine|stone_travertine,stone_travertine|dungeon_alt|stone_with_moss,stone_with_algae|stone_with_algae,stone_with_lichen|mineral_salt_crystal,stone_with_salt
hot_semihumid|coastal|top|_with_litter_rainforest,_with_litter_dark|_with_grass_hot_semihumid_pale,|fill|dirt_clayey,dirt_clay_red|dirt_sandy,dirt_sand|dirt_silty,dirt_silt_01|stone|stone_sandstone_desert_stone,stone_desert|stone_sandstone,stone_sandstone_desert|stone_siltstone,stone|dungeon|stone_travertine,stone_travertine|stone_travertine,stone_travertine|stone_travertine,stone_travertine|dungeon_alt|stone_with_moss,stone_with_algae|stone_with_algae,stone_with_lichen|mineral_salt_crystal,stone_with_salt
hot_semihumid|lowland|top|_with_litter_rainforest,_with_litter_dark|_with_grass_hot_semihumid_pale,|fill|dirt_clayey,dirt_clay_red|dirt_sandy,dirt_sand|dirt_silty,dirt_silt_01|stone|stone_sandstone_desert_stone,stone_desert|stone_sandstone,stone_sandstone_desert|stone_siltstone,stone|dungeon|stone_travertine,stone_travertine|stone_travertine,stone_travertine|stone_travertine,stone_travertine|dungeon_alt|stone_with_moss,stone_with_algae|stone_with_algae,stone_with_lichen|mineral_salt_crystal,stone_with_salt
hot_semihumid|shelf|top|_with_litter_rainforest,_with_litter_dark|_with_grass_hot_semihumid_pale,|fill|dirt_clayey,dirt_clay_red|dirt_sandy,dirt_sand|dirt_silty,dirt_silt_01|stone|stone_sandstone_desert_stone,stone_desert|stone_sandstone,stone_sandstone_desert|stone_siltstone,stone|dungeon|stone_travertine,stone_travertine|stone_travertine,stone_travertine|stone_travertine,stone_travertine|dungeon_alt|stone_with_moss,stone_with_algae|stone_with_algae,stone_with_lichen|mineral_salt_crystal,stone_with_salt
hot_semihumid|highland|top|_with_litter_rainforest,_with_litter_dark|_with_grass_hot_semihumid_pale,|fill|dirt_clayey,dirt_clay_red|dirt_sandy,dirt_sand|dirt_silty,dirt_silt_01|stone|stone_sandstone_desert_stone,stone_desert|stone_sandstone,stone_sandstone_desert|stone_siltstone,stone|dungeon|stone_travertine,stone_travertine|stone_travertine,stone_travertine|stone_travertine,stone_travertine|dungeon_alt|stone_with_moss,stone_with_algae|stone_with_algae,stone_with_lichen|mineral_salt_crystal,stone_with_salt
hot_semihumid|mountain|top|||fill|stone_granite_01,stone_granite_brown|stone_basalt_01,stone_gabbro|stone_sandstone_desert,stone_sand|stone|stone_granite_black,stone_granite_brown_02|stone_basalt_02,stone_diorite|stone_desert,stone_brown|dungeon|stone_travertine,stone_travertine|stone_travertine,stone_travertine|stone_travertine,stone_travertine|dungeon_alt|stone_with_moss,stone_with_algae|stone_with_algae,stone_with_lichen|mineral_salt_crystal,stone_with_salt
hot_semihumid|strato|top|||fill|stone_granite_01,stone_granite_brown|stone_basalt_01,stone_gabbro|stone_sandstone_desert,stone_sand|stone|stone_granite_black,stone_granite_brown_02|stone_basalt_02,stone_diorite|stone_desert,stone_brown|dungeon|stone_travertine,stone_travertine|stone_travertine,stone_travertine|stone_travertine,stone_travertine|dungeon_alt|stone_with_moss,stone_with_algae|stone_with_algae,stone_with_lichen|mineral_salt_crystal,stone_with_salt
#
#hot_temperate|deep_cave|top|||fill|||stone||||dungeon||||dungeon_alt|||
#hot_temperate|cave|top|||fill|||stone||||dungeon||||dungeon_alt|||
hot_temperate|ocean|top|||fill|sand,sand|sand,sand|sand,sand|stone|stone_sandstone,stone_sandstone|stone_sandstone,stone_sandstone|stone_sandstone,stone_sandstone|dungeon|stone_travertine,stone_travertine|stone_travertine,stone_travertine|stone_travertine,stone_travertine|dungeon_alt|stone_with_moss,stone_with_algae|stone_with_algae,stone_with_lichen|mineral_salt_crystal,stone_with_salt
hot_temperate|beach|top|||fill|sand,sand|sand,sand|sand,sand|stone|stone_sandstone,stone_sandstone|stone_sandstone,stone_sandstone|stone_sandstone,stone_sandstone|dungeon|stone_travertine,stone_travertine|stone_travertine,stone_travertine|stone_travertine,stone_travertine|dungeon_alt|stone_with_moss,stone_with_algae|stone_with_algae,stone_with_lichen|mineral_salt_crystal,stone_with_salt
hot_temperate|coastal|top|_with_litter_rainforest,_with_litter_dark|_with_grass_hot_temperate_pale,|fill|dirt_clayey,dirt_clay_red|dirt_sandy,dirt_sand|dirt_silty,dirt_silt_01|stone|stone_sandstone_desert_stone,stone_desert|stone_sandstone,stone_sandstone_desert|stone_siltstone,stone|dungeon|stone_travertine,stone_travertine|stone_travertine,stone_travertine|stone_travertine,stone_travertine|dungeon_alt|stone_with_moss,stone_with_algae|stone_with_algae,stone_with_lichen|mineral_salt_crystal,stone_with_salt
hot_temperate|lowland|top|_with_litter_rainforest,_with_litter_dark|_with_grass_hot_temperate_pale,|fill|dirt_clayey,dirt_clay_red|dirt_sandy,dirt_sand|dirt_silty,dirt_silt_01|stone|stone_sandstone_desert_stone,stone_desert|stone_sandstone,stone_sandstone_desert|stone_siltstone,stone|dungeon|stone_travertine,stone_travertine|stone_travertine,stone_travertine|stone_travertine,stone_travertine|dungeon_alt|stone_with_moss,stone_with_algae|stone_with_algae,stone_with_lichen|mineral_salt_crystal,stone_with_salt
hot_temperate|shelf|top|_with_litter_rainforest,_with_litter_dark|_with_grass_hot_temperate_pale,|fill|dirt_clayey,dirt_clay_red|dirt_sandy,dirt_sand|dirt_silty,dirt_silt_01|stone|stone_sandstone_desert_stone,stone_desert|stone_sandstone,stone_sandstone_desert|stone_siltstone,stone|dungeon|stone_travertine,stone_travertine|stone_travertine,stone_travertine|stone_travertine,stone_travertine|dungeon_alt|stone_with_moss,stone_with_algae|stone_with_algae,stone_with_lichen|mineral_salt_crystal,stone_with_salt
hot_temperate|highland|top|_with_litter_rainforest,_with_litter_dark|_with_grass_hot_temperate_pale,|fill|dirt_clayey,dirt_clay_red|dirt_sandy,dirt_sand|dirt_silty,dirt_silt_01|stone|stone_sandstone_desert_stone,stone_desert|stone_sandstone,stone_sandstone_desert|stone_siltstone,stone|dungeon|stone_travertine,stone_travertine|stone_travertine,stone_travertine|stone_travertine,stone_travertine|dungeon_alt|stone_with_moss,stone_with_algae|stone_with_algae,stone_with_lichen|mineral_salt_crystal,stone_with_salt
hot_temperate|mountain|top|||fill|stone_granite_01,stone_granite_brown|stone_basalt_01,stone_gabbro|stone_sandstone_desert,stone_sand|stone|stone_granite_black,stone_granite_brown_02|stone_basalt_02,stone_diorite|stone_desert,stone_brown|dungeon|stone_travertine,stone_travertine|stone_travertine,stone_travertine|stone_travertine,stone_travertine|dungeon_alt|stone_with_moss,stone_with_algae|stone_with_algae,stone_with_lichen|mineral_salt_crystal,stone_with_salt
hot_temperate|strato|top|||fill|stone_granite_01,stone_granite_brown|stone_basalt_01,stone_gabbro|stone_sandstone_desert,stone_sand|stone|stone_granite_black,stone_granite_brown_02|stone_basalt_02,stone_diorite|stone_desert,stone_brown|dungeon|stone_travertine,stone_travertine|stone_travertine,stone_travertine|stone_travertine,stone_travertine|dungeon_alt|stone_with_moss,stone_with_algae|stone_with_algae,stone_with_lichen|mineral_salt_crystal,stone_with_salt
#
#hot_semiarid|deep_cave|top|||fill|||stone||||dungeon||||dungeon_alt|||
#hot_semiarid|cave|top|||fill|||stone||||dungeon||||dungeon_alt|||
hot_semiarid|ocean|top|||fill|sand,sand|sand,sand|sand,sand|stone|stone_sandstone,stone_sandstone|stone_sandstone,stone_sandstone|stone_sandstone,stone_sandstone|dungeon|stone_travertine,stone_travertine|stone_travertine,stone_travertine|stone_travertine,stone_travertine|dungeon_alt|stone_with_moss,stone_with_algae|stone_with_algae,stone_with_lichen|mineral_salt_crystal,stone_with_salt
hot_semiarid|beach|top|||fill|sand,sand|sand,sand|sand,sand|stone|stone_sandstone,stone_sandstone|stone_sandstone,stone_sandstone|stone_sandstone,stone_sandstone|dungeon|stone_travertine,stone_travertine|stone_travertine,stone_travertine|stone_travertine,stone_travertine|dungeon_alt|stone_with_moss,stone_with_algae|stone_with_algae,stone_with_lichen|mineral_salt_crystal,stone_with_salt
hot_semiarid|coastal|top|_with_grass_dry,_with_litter_dry|_with_grass_hot_semiarid_pale,|fill|dirt_clayey,dirt_clay_red|dirt_sandy,dirt_sand|dirt_silty,dirt_silt_01|stone|stone_sandstone_desert_stone,stone_desert|stone_sandstone,stone_sandstone_desert|stone_siltstone,stone|dungeon|stone_travertine,stone_travertine|stone_travertine,stone_travertine|stone_travertine,stone_travertine|dungeon_alt|stone_with_moss,stone_with_algae|stone_with_algae,stone_with_lichen|mineral_salt_crystal,stone_with_salt
hot_semiarid|lowland|top|_with_grass_dry,_with_litter_dry|_with_grass_hot_semiarid_pale,|fill|dirt_clayey,dirt_clay_red|dirt_sandy,dirt_sand|dirt_silty,dirt_silt_01|stone|stone_sandstone_desert_stone,stone_desert|stone_sandstone,stone_sandstone_desert|stone_siltstone,stone|dungeon|stone_travertine,stone_travertine|stone_travertine,stone_travertine|stone_travertine,stone_travertine|dungeon_alt|stone_with_moss,stone_with_algae|stone_with_algae,stone_with_lichen|mineral_salt_crystal,stone_with_salt
hot_semiarid|shelf|top|_with_grass_dry,_with_litter_dry|_with_grass_hot_semiarid_pale,|fill|dirt_clayey,dirt_clay_red|dirt_sandy,dirt_sand|dirt_silty,dirt_silt_01|stone|stone_sandstone_desert_stone,stone_desert|stone_sandstone,stone_sandstone_desert|stone_siltstone,stone|dungeon|stone_travertine,stone_travertine|stone_travertine,stone_travertine|stone_travertine,stone_travertine|dungeon_alt|stone_with_moss,stone_with_algae|stone_with_algae,stone_with_lichen|mineral_salt_crystal,stone_with_salt
hot_semiarid|highland|top|_with_grass_dry,_with_litter_dry|_with_grass_hot_semiarid_pale,|fill|dirt_clayey,dirt_clay_red|dirt_sandy,dirt_sand|dirt_silty,dirt_silt_01|stone|stone_sandstone_desert_stone,stone_desert|stone_sandstone,stone_sandstone_desert|stone_siltstone,stone|dungeon|stone_travertine,stone_travertine|stone_travertine,stone_travertine|stone_travertine,stone_travertine|dungeon_alt|stone_with_moss,stone_with_algae|stone_with_algae,stone_with_lichen|mineral_salt_crystal,stone_with_salt
hot_semiarid|mountain|top|||fill|stone,stone_desert|stone,stone_desert|stone,stone_desert|stone|stone,stone_desert|stone,stone_desert|stone,stone_desert|dungeon|stone_travertine,stone_travertine|stone_travertine,stone_travertine|stone_travertine,stone_travertine|dungeon_alt|stone_with_moss,stone_with_algae|stone_with_algae,stone_with_lichen|mineral_salt_crystal,stone_with_salt
hot_semiarid|strato|top|||fill|stone,stone_desert|stone,stone_desert|stone,stone_desert|stone|stone,stone_desert|stone,stone_desert|stone,stone_desert|dungeon|stone_travertine,stone_travertine|stone_travertine,stone_travertine|stone_travertine,stone_travertine|dungeon_alt|stone_with_moss,stone_with_algae|stone_with_algae,stone_with_lichen|mineral_salt_crystal,stone_with_salt
#
#hot_arid|deep_cave|top|||fill|||stone||||dungeon||||dungeon_alt|||
#hot_arid|cave|top|||fill|||stone||||dungeon||||dungeon_alt|||
hot_arid|ocean|top|||fill|sand,sand|sand,sand|sand,sand|stone|stone_sandstone,stone_sandstone|stone_sandstone,stone_sandstone|stone_sandstone,stone_sandstone|dungeon|stone_travertine,stone_travertine|stone_travertine,stone_travertine|stone_travertine,stone_travertine|dungeon_alt|stone_with_moss,stone_with_algae|stone_with_algae,stone_with_lichen|mineral_salt_crystal,stone_with_salt
hot_arid|beach|top|||fill|sand,sand|sand,sand|sand,sand|stone|stone_sandstone,stone_sandstone|stone_sandstone,stone_sandstone|stone_sandstone,stone_sandstone|dungeon|stone_travertine,stone_travertine|stone_travertine,stone_travertine|stone_travertine,stone_travertine|dungeon_alt|stone_with_moss,stone_with_algae|stone_with_algae,stone_with_lichen|mineral_salt_crystal,stone_with_salt
hot_arid|coastal|top|stone_sandstone_desert_gravel,sand_desert|stone_sandstone_white_gravel,sand_white|fill|stone_sandstone_white_gravel,sand_white|stone_sandstone_gravel,sand2|stone_sandstone_desert_gravel,sand_desert|stone|stone_sandstone_white,stone_sandstone_white|stone_sandstone_desert_stone,stone_sandstone|stone_desert,stone_sandstone_desert|dungeon|stone_travertine,stone_travertine|stone_travertine,stone_travertine|stone_travertine,stone_travertine|dungeon_alt|stone_with_moss,stone_with_algae|stone_with_algae,stone_with_lichen|mineral_salt_crystal,stone_with_salt
hot_arid|lowland|top|stone_sandstone_desert_gravel,sand_desert|stone_sandstone_white_gravel,sand_white|fill|stone_sandstone_white_gravel,sand_white|stone_sandstone_gravel,sand2|stone_sandstone_desert_gravel,sand_desert|stone|stone_sandstone_white,stone_sandstone_white|stone_sandstone_desert_stone,stone_sandstone|stone_desert,stone_sandstone_desert|dungeon|stone_travertine,stone_travertine|stone_travertine,stone_travertine|stone_travertine,stone_travertine|dungeon_alt|stone_with_moss,stone_with_algae|stone_with_algae,stone_with_lichen|mineral_salt_crystal,stone_with_salt
hot_arid|shelf|top|stone_sandstone_desert_gravel,sand_desert|stone_sandstone_white_gravel,sand_white|fill|stone_sandstone_white_gravel,sand_white|stone_sandstone_gravel,sand2|stone_sandstone_desert_gravel,sand_desert|stone|stone_sandstone_white,stone_sandstone_white|stone_sandstone_desert_stone,stone_sandstone|stone_desert,stone_sandstone_desert|dungeon|stone_travertine,stone_travertine|stone_travertine,stone_travertine|stone_travertine,stone_travertine|dungeon_alt|stone_with_moss,stone_with_algae|stone_with_algae,stone_with_lichen|mineral_salt_crystal,stone_with_salt
hot_arid|highland|top|stone_sandstone_desert_gravel,sand_desert|stone_sandstone_white_gravel,sand_white|fill|stone_sandstone_white_gravel,sand_white|stone_sandstone_gravel,sand2|stone_sandstone_desert_gravel,sand_desert|stone|stone_sandstone_white,stone_sandstone_white|stone_sandstone_desert_stone,stone_sandstone|stone_desert,stone_sandstone_desert|dungeon|stone_travertine,stone_travertine|stone_travertine,stone_travertine|stone_travertine,stone_travertine|dungeon_alt|stone_with_moss,stone_with_algae|stone_with_algae,stone_with_lichen|mineral_salt_crystal,stone_with_salt
hot_arid|mountain|top|||fill|stone,stone_desert|stone,stone_desert|stone,stone_desert|stone|stone,stone_desert|stone,stone_desert|stone,stone_desert|dungeon|stone_travertine,stone_travertine|stone_travertine,stone_travertine|stone_travertine,stone_travertine|dungeon_alt|stone_with_moss,stone_with_algae|stone_with_algae,stone_with_lichen|mineral_salt_crystal,stone_with_salt
hot_arid|strato|top|||fill|stone,stone_desert|stone,stone_desert|stone,stone_desert|stone|stone,stone_desert|stone,stone_desert|stone,stone_desert|dungeon|stone_travertine,stone_travertine|stone_travertine,stone_travertine|stone_travertine,stone_travertine|dungeon_alt|stone_with_moss,stone_with_algae|stone_with_algae,stone_with_lichen|mineral_salt_crystal,stone_with_salt
#
#warm_humid|deep_cave|top|||fill|||stone||||dungeon||||dungeon_alt|||
#warm_humid|cave|top|||fill|||stone||||dungeon||||dungeon_alt|||
warm_humid|ocean|top|||fill|sand,sand|sand,sand|sand,sand|stone|stone_sandstone,stone_sandstone|stone_sandstone,stone_sandstone|stone_sandstone,stone_sandstone|dungeon|stone_travertine,stone_travertine|stone_travertine,stone_travertine|stone_travertine,stone_travertine|dungeon_alt|stone_with_moss,stone_with_algae|stone_with_algae,stone_with_lichen|mineral_salt_crystal,stone_with_salt
warm_humid|beach|top|||fill|sand,sand|sand,sand|sand,sand|stone|stone_sandstone,stone_sandstone|stone_sandstone,stone_sandstone|stone_sandstone,stone_sandstone|dungeon|stone_travertine,stone_travertine|stone_travertine,stone_travertine|stone_travertine,stone_travertine|dungeon_alt|stone_with_moss,stone_with_algae|stone_with_algae,stone_with_lichen|mineral_salt_crystal,stone_with_salt
warm_humid|coastal|top|_with_grass_jungle_01,_with_grass_jungle_01|_with_grass_warm_humid_pale,|fill|dirt_clayey,dirt_clay_red|dirt_sandy,dirt_sand|dirt_silty,dirt_silt_01|stone|stone_sandstone_desert_stone,stone_desert|stone_sandstone,stone_sandstone_desert|stone_siltstone,stone|dungeon|stone_travertine,stone_travertine|stone_travertine,stone_travertine|stone_travertine,stone_travertine|dungeon_alt|stone_with_moss,stone_with_algae|stone_with_algae,stone_with_lichen|mineral_salt_crystal,stone_with_salt
warm_humid|lowland|top|_with_grass_jungle_01,_with_grass_jungle_01|_with_grass_warm_humid_pale,|fill|dirt_clayey,dirt_clay_red|dirt_sandy,dirt_sand|dirt_silty,dirt_silt_01|stone|stone_sandstone_desert_stone,stone_desert|stone_sandstone,stone_sandstone_desert|stone_siltstone,stone|dungeon|stone_travertine,stone_travertine|stone_travertine,stone_travertine|stone_travertine,stone_travertine|dungeon_alt|stone_with_moss,stone_with_algae|stone_with_algae,stone_with_lichen|mineral_salt_crystal,stone_with_salt
warm_humid|shelf|top|_with_grass_jungle_01,_with_grass_jungle_01|_with_grass_warm_humid_pale,|fill|dirt_clayey,dirt_clay_red|dirt_sandy,dirt_sand|dirt_silty,dirt_silt_01|stone|stone_sandstone_desert_stone,stone_desert|stone_sandstone,stone_sandstone_desert|stone_siltstone,stone|dungeon|stone_travertine,stone_travertine|stone_travertine,stone_travertine|stone_travertine,stone_travertine|dungeon_alt|stone_with_moss,stone_with_algae|stone_with_algae,stone_with_lichen|mineral_salt_crystal,stone_with_salt
warm_humid|highland|top|_with_grass_jungle_01,_with_grass_jungle_01|_with_grass_warm_humid_pale,|fill|dirt_clayey,dirt_clay_red|dirt_sandy,dirt_sand|dirt_silty,dirt_silt_01|stone|stone_sandstone_desert_stone,stone_desert|stone_sandstone,stone_sandstone_desert|stone_siltstone,stone|dungeon|stone_travertine,stone_travertine|stone_travertine,stone_travertine|stone_travertine,stone_travertine|dungeon_alt|stone_with_moss,stone_with_algae|stone_with_algae,stone_with_lichen|mineral_salt_crystal,stone_with_salt
warm_humid|mountain|top|||fill|stone_bluestone,stone_greenstone|stone_andesite,stone_granite_pink|stone_gneiss_03,stone_gneiss_01|stone|stone_bluestone_basalt,stone|stone_andesite,stone_granite_pink_02|stone_basalt_03,stone_gneiss_02|dungeon|stone_travertine,stone_travertine|stone_travertine,stone_travertine|stone_travertine,stone_travertine|dungeon_alt|stone_with_moss,stone_with_algae|stone_with_algae,stone_with_lichen|mineral_salt_crystal,stone_with_salt
warm_humid|strato|top|||fill|stone_bluestone,stone_greenstone|stone_andesite,stone_granite_pink|stone_gneiss_03,stone_gneiss_01|stone|stone_bluestone_basalt,stone|stone_andesite,stone_granite_pink_02|stone_basalt_03,stone_gneiss_02|dungeon|stone_travertine,stone_travertine|stone_travertine,stone_travertine|stone_travertine,stone_travertine|dungeon_alt|stone_with_moss,stone_with_algae|stone_with_algae,stone_with_lichen|mineral_salt_crystal,stone_with_salt
#
#warm_semihumid|deep_cave|top|||fill|||stone||||dungeon||||dungeon_alt|||
#warm_semihumid|cave|top|||fill|||stone||||dungeon||||dungeon_alt|||
warm_semihumid|ocean|top|||fill|sand,sand|sand,sand|sand,sand|stone|stone_sandstone,stone_sandstone|stone_sandstone,stone_sandstone|stone_sandstone,stone_sandstone|dungeon|stone_travertine,stone_travertine|stone_travertine,stone_travertine|stone_travertine,stone_travertine|dungeon_alt|stone_with_moss,stone_with_algae|stone_with_algae,stone_with_lichen|mineral_salt_crystal,stone_with_salt
warm_semihumid|beach|top|||fill|sand,sand|sand,sand|sand,sand|stone|stone_sandstone,stone_sandstone|stone_sandstone,stone_sandstone|stone_sandstone,stone_sandstone|dungeon|stone_travertine,stone_travertine|stone_travertine,stone_travertine|stone_travertine,stone_travertine|dungeon_alt|stone_with_moss,stone_with_algae|stone_with_algae,stone_with_lichen|mineral_salt_crystal,stone_with_salt
warm_semihumid|coastal|top|_with_grass_jungle_01,_with_grass_jungle_01|_with_grass_warm_semihumid_pale,|fill|dirt_clayey,dirt_clay_red|dirt_sandy,dirt_sand|dirt_silty,dirt_silt_01|stone|stone_sandstone_desert_stone,stone_desert|stone_sandstone,stone_sandstone_desert|stone_siltstone,stone|dungeon|stone_travertine,stone_travertine|stone_travertine,stone_travertine|stone_travertine,stone_travertine|dungeon_alt|stone_with_moss,stone_with_algae|stone_with_algae,stone_with_lichen|mineral_salt_crystal,stone_with_salt
warm_semihumid|lowland|top|_with_grass_jungle_01,_with_grass_jungle_01|_with_grass_warm_semihumid_pale,|fill|dirt_clayey,dirt_clay_red|dirt_sandy,dirt_sand|dirt_silty,dirt_silt_01|stone|stone_sandstone_desert_stone,stone_desert|stone_sandstone,stone_sandstone_desert|stone_siltstone,stone|dungeon|stone_travertine,stone_travertine|stone_travertine,stone_travertine|stone_travertine,stone_travertine|dungeon_alt|stone_with_moss,stone_with_algae|stone_with_algae,stone_with_lichen|mineral_salt_crystal,stone_with_salt
warm_semihumid|shelf|top|_with_grass_jungle_01,_with_grass_jungle_01|_with_grass_warm_semihumid_pale,|fill|dirt_clayey,dirt_clay_red|dirt_sandy,dirt_sand|dirt_silty,dirt_silt_01|stone|stone_sandstone_desert_stone,stone_desert|stone_sandstone,stone_sandstone_desert|stone_siltstone,stone|dungeon|stone_travertine,stone_travertine|stone_travertine,stone_travertine|stone_travertine,stone_travertine|dungeon_alt|stone_with_moss,stone_with_algae|stone_with_algae,stone_with_lichen|mineral_salt_crystal,stone_with_salt
warm_semihumid|highland|top|_with_grass_jungle_01,_with_grass_jungle_01|_with_grass_warm_semihumid_pale,|fill|dirt_clayey,dirt_clay_red|dirt_sandy,dirt_sand|dirt_silty,dirt_silt_01|stone|stone_sandstone_desert_stone,stone_desert|stone_sandstone,stone_sandstone_desert|stone_siltstone,stone|dungeon|stone_travertine,stone_travertine|stone_travertine,stone_travertine|stone_travertine,stone_travertine|dungeon_alt|stone_with_moss,stone_with_algae|stone_with_algae,stone_with_lichen|mineral_salt_crystal,stone_with_salt
warm_semihumid|mountain|top|||fill|stone_bluestone,stone_greenstone|stone_andesite,stone_granite_pink|stone_gneiss_03,stone_gneiss_01|stone|stone_bluestone_basalt,stone|stone_andesite,stone_granite_pink_02|stone_basalt_03,stone_gneiss_02|dungeon|stone_travertine,stone_travertine|stone_travertine,stone_travertine|stone_travertine,stone_travertine|dungeon_alt|stone_with_moss,stone_with_algae|stone_with_algae,stone_with_lichen|mineral_salt_crystal,stone_with_salt
warm_semihumid|strato|top|||fill|stone_bluestone,stone_greenstone|stone_andesite,stone_granite_pink|stone_gneiss_03,stone_gneiss_01|stone|stone_bluestone_basalt,stone|stone_andesite,stone_granite_pink_02|stone_basalt_03,stone_gneiss_02|dungeon|stone_travertine,stone_travertine|stone_travertine,stone_travertine|stone_travertine,stone_travertine|dungeon_alt|stone_with_moss,stone_with_algae|stone_with_algae,stone_with_lichen|mineral_salt_crystal,stone_with_salt
#
#warm_temperate|deep_cave|top|||fill|||stone||||dungeon||||dungeon_alt|||
#warm_temperate|cave|top|||fill|||stone||||dungeon||||dungeon_alt|||
warm_temperate|ocean|top|||fill|sand,sand|sand,sand|sand,sand|stone|stone_sandstone,stone_sandstone|stone_sandstone,stone_sandstone|stone_sandstone,stone_sandstone|dungeon|stone_travertine,stone_travertine|stone_travertine,stone_travertine|stone_travertine,stone_travertine|dungeon_alt|stone_with_moss,stone_with_algae|stone_with_algae,stone_with_lichen|mineral_salt_crystal,stone_with_salt
warm_temperate|beach|top|||fill|sand,sand|sand,sand|sand,sand|stone|stone_sandstone,stone_sandstone|stone_sandstone,stone_sandstone|stone_sandstone,stone_sandstone|dungeon|stone_travertine,stone_travertine|stone_travertine,stone_travertine|stone_travertine,stone_travertine|dungeon_alt|stone_with_moss,stone_with_algae|stone_with_algae,stone_with_lichen|mineral_salt_crystal,stone_with_salt
warm_temperate|coastal|top|_with_grass_jungle_01,_with_grass_jungle_01|_with_grass_warm_temperate_pale,|fill|dirt_clayey,dirt_clay_red|dirt_sandy,dirt_sand|dirt_silty,dirt_silt_01|stone|stone_sandstone_desert_stone,stone_desert|stone_sandstone,stone_sandstone_desert|stone_siltstone,stone|dungeon|stone_travertine,stone_travertine|stone_travertine,stone_travertine|stone_travertine,stone_travertine|dungeon_alt|stone_with_moss,stone_with_algae|stone_with_algae,stone_with_lichen|mineral_salt_crystal,stone_with_salt
warm_temperate|lowland|top|_with_grass_jungle_01,_with_grass_jungle_01|_with_grass_warm_temperate_pale,|fill|dirt_clayey,dirt_clay_red|dirt_sandy,dirt_sand|dirt_silty,dirt_silt_01|stone|stone_sandstone_desert_stone,stone_desert|stone_sandstone,stone_sandstone_desert|stone_siltstone,stone|dungeon|stone_travertine,stone_travertine|stone_travertine,stone_travertine|stone_travertine,stone_travertine|dungeon_alt|stone_with_moss,stone_with_algae|stone_with_algae,stone_with_lichen|mineral_salt_crystal,stone_with_salt
warm_temperate|shelf|top|_with_grass_jungle_01,_with_grass_jungle_01|_with_grass_warm_temperate_pale,|fill|dirt_clayey,dirt_clay_red|dirt_sandy,dirt_sand|dirt_silty,dirt_silt_01|stone|stone_sandstone_desert_stone,stone_desert|stone_sandstone,stone_sandstone_desert|stone_siltstone,stone|dungeon|stone_travertine,stone_travertine|stone_travertine,stone_travertine|stone_travertine,stone_travertine|dungeon_alt|stone_with_moss,stone_with_algae|stone_with_algae,stone_with_lichen|mineral_salt_crystal,stone_with_salt
warm_temperate|highland|top|_with_grass_jungle_01,_with_grass_jungle_01|_with_grass_warm_temperate_pale,|fill|dirt_clayey,dirt_clay_red|dirt_sandy,dirt_sand|dirt_silty,dirt_silt_01|stone|stone_sandstone_desert_stone,stone_desert|stone_sandstone,stone_sandstone_desert|stone_siltstone,stone|dungeon|stone_travertine,stone_travertine|stone_travertine,stone_travertine|stone_travertine,stone_travertine|dungeon_alt|stone_with_moss,stone_with_algae|stone_with_algae,stone_with_lichen|mineral_salt_crystal,stone_with_salt
warm_temperate|mountain|top|||fill|stone_bluestone,stone_greenstone|stone_andesite,stone_granite_pink|stone_gneiss_03,stone_gneiss_01|stone|stone_bluestone_basalt,stone|stone_andesite,stone_granite_pink_02|stone_basalt_03,stone_gneiss_02|dungeon|stone_travertine,stone_travertine|stone_travertine,stone_travertine|stone_travertine,stone_travertine|dungeon_alt|stone_with_moss,stone_with_algae|stone_with_algae,stone_with_lichen|mineral_salt_crystal,stone_with_salt
warm_temperate|strato|top|||fill|stone_bluestone,stone_greenstone|stone_andesite,stone_granite_pink|stone_gneiss_03,stone_gneiss_01|stone|stone_bluestone_basalt,stone|stone_andesite,stone_granite_pink_02|stone_basalt_03,stone_gneiss_02|dungeon|stone_travertine,stone_travertine|stone_travertine,stone_travertine|stone_travertine,stone_travertine|dungeon_alt|stone_with_moss,stone_with_algae|stone_with_algae,stone_with_lichen|mineral_salt_crystal,stone_with_salt
#
#warm_semiarid|deep_cave|top|||fill|||stone||||dungeon||||dungeon_alt|||
#warm_semiarid|cave|top|||fill|||stone||||dungeon||||dungeon_alt|||
warm_semiarid|ocean|top|||fill|sand,sand|sand,sand|sand,sand|stone|stone_sandstone,stone_sandstone|stone_sandstone,stone_sandstone|stone_sandstone,stone_sandstone|dungeon|stone_travertine,stone_travertine|stone_travertine,stone_travertine|stone_travertine,stone_travertine|dungeon_alt|stone_with_moss,stone_with_algae|stone_with_algae,stone_with_lichen|mineral_salt_crystal,stone_with_salt
warm_semiarid|beach|top|||fill|sand,sand|sand,sand|sand,sand|stone|stone_sandstone,stone_sandstone|stone_sandstone,stone_sandstone|stone_sandstone,stone_sandstone|dungeon|stone_travertine,stone_travertine|stone_travertine,stone_travertine|stone_travertine,stone_travertine|dungeon_alt|stone_with_moss,stone_with_algae|stone_with_algae,stone_with_lichen|mineral_salt_crystal,stone_with_salt
warm_semiarid|coastal|top|_with_grass_dry,_with_litter_dry|_with_grass_warm_semiarid_pale,|fill|dirt_clayey,dirt_clay_red|dirt_sandy,dirt_sand|dirt_silty,dirt_silt_01|stone|stone_sandstone_desert_stone,stone_desert|stone_sandstone,stone_sandstone_desert|stone_siltstone,stone|dungeon|stone_travertine,stone_travertine|stone_travertine,stone_travertine|stone_travertine,stone_travertine|dungeon_alt|stone_with_moss,stone_with_algae|stone_with_algae,stone_with_lichen|mineral_salt_crystal,stone_with_salt
warm_semiarid|lowland|top|_with_grass_dry,_with_litter_dry|_with_grass_warm_semiarid_pale,|fill|dirt_clayey,dirt_clay_red|dirt_sandy,dirt_sand|dirt_silty,dirt_silt_01|stone|stone_sandstone_desert_stone,stone_desert|stone_sandstone,stone_sandstone_desert|stone_siltstone,stone|dungeon|stone_travertine,stone_travertine|stone_travertine,stone_travertine|stone_travertine,stone_travertine|dungeon_alt|stone_with_moss,stone_with_algae|stone_with_algae,stone_with_lichen|mineral_salt_crystal,stone_with_salt
warm_semiarid|shelf|top|_with_grass_dry,_with_litter_dry|_with_grass_warm_semiarid_pale,|fill|dirt_clayey,dirt_clay_red|dirt_sandy,dirt_sand|dirt_silty,dirt_silt_01|stone|stone_sandstone_desert_stone,stone_desert|stone_sandstone,stone_sandstone_desert|stone_siltstone,stone|dungeon|stone_travertine,stone_travertine|stone_travertine,stone_travertine|stone_travertine,stone_travertine|dungeon_alt|stone_with_moss,stone_with_algae|stone_with_algae,stone_with_lichen|mineral_salt_crystal,stone_with_salt
warm_semiarid|highland|top|_with_grass_dry,_with_litter_dry|_with_grass_warm_semiarid_pale,|fill|dirt_clayey,dirt_clay_red|dirt_sandy,dirt_sand|dirt_silty,dirt_silt_01|stone|stone_sandstone_desert_stone,stone_desert|stone_sandstone,stone_sandstone_desert|stone_siltstone,stone|dungeon|stone_travertine,stone_travertine|stone_travertine,stone_travertine|stone_travertine,stone_travertine|dungeon_alt|stone_with_moss,stone_with_algae|stone_with_algae,stone_with_lichen|mineral_salt_crystal,stone_with_salt
warm_semiarid|mountain|top|||fill|stone,stone_desert|stone,stone_desert|stone,stone_desert|stone|stone,stone_desert|stone,stone_desert|stone,stone_desert|dungeon|stone_travertine,stone_travertine|stone_travertine,stone_travertine|stone_travertine,stone_travertine|dungeon_alt|stone_with_moss,stone_with_algae|stone_with_algae,stone_with_lichen|mineral_salt_crystal,stone_with_salt
warm_semiarid|strato|top|||fill|stone,stone_desert|stone,stone_desert|stone,stone_desert|stone|stone,stone_desert|stone,stone_desert|stone,stone_desert|dungeon|stone_travertine,stone_travertine|stone_travertine,stone_travertine|stone_travertine,stone_travertine|dungeon_alt|stone_with_moss,stone_with_algae|stone_with_algae,stone_with_lichen|mineral_salt_crystal,stone_with_salt
#
#warm_arid|deep_cave|top|||fill|||stone||||dungeon||||dungeon_alt|||
#warm_arid|cave|top|||fill|||stone||||dungeon||||dungeon_alt|||
warm_arid|ocean|top|||fill|sand,sand|sand,sand|sand,sand|stone|stone_sandstone,stone_sandstone|stone_sandstone,stone_sandstone|stone_sandstone,stone_sandstone|dungeon|stone_travertine,stone_travertine|stone_travertine,stone_travertine|stone_travertine,stone_travertine|dungeon_alt|stone_with_moss,stone_with_algae|stone_with_algae,stone_with_lichen|mineral_salt_crystal,stone_with_salt
warm_arid|beach|top|||fill|sand,sand|sand,sand|sand,sand|stone|stone_sandstone,stone_sandstone|stone_sandstone,stone_sandstone|stone_sandstone,stone_sandstone|dungeon|stone_travertine,stone_travertine|stone_travertine,stone_travertine|stone_travertine,stone_travertine|dungeon_alt|stone_with_moss,stone_with_algae|stone_with_algae,stone_with_lichen|mineral_salt_crystal,stone_with_salt
warm_arid|coastal|top|stone_sandstone_desert_gravel,sand_desert|stone_sandstone_white_gravel,sand_white|fill|stone_sandstone_white_gravel,sand_white|stone_sandstone_gravel,sand2|stone_sandstone_desert_gravel,sand_desert|stone|stone_sandstone_white,stone_sandstone_white|stone_sandstone_desert_stone,stone_sandstone|stone_desert,stone_sandstone_desert|dungeon|stone_travertine,stone_travertine|stone_travertine,stone_travertine|stone_travertine,stone_travertine|dungeon_alt|stone_with_moss,stone_with_algae|stone_with_algae,stone_with_lichen|mineral_salt_crystal,stone_with_salt
warm_arid|lowland|top|stone_sandstone_desert_gravel,sand_desert|stone_sandstone_white_gravel,sand_white|fill|stone_sandstone_white_gravel,sand_white|stone_sandstone_gravel,sand2|stone_sandstone_desert_gravel,sand_desert|stone|stone_sandstone_white,stone_sandstone_white|stone_sandstone_desert_stone,stone_sandstone|stone_desert,stone_sandstone_desert|dungeon|stone_travertine,stone_travertine|stone_travertine,stone_travertine|stone_travertine,stone_travertine|dungeon_alt|stone_with_moss,stone_with_algae|stone_with_algae,stone_with_lichen|mineral_salt_crystal,stone_with_salt
warm_arid|shelf|top|stone_sandstone_desert_gravel,sand_desert|stone_sandstone_white_gravel,sand_white|fill|stone_sandstone_white_gravel,sand_white|stone_sandstone_gravel,sand2|stone_sandstone_desert_gravel,sand_desert|stone|stone_sandstone_white,stone_sandstone_white|stone_sandstone_desert_stone,stone_sandstone|stone_desert,stone_sandstone_desert|dungeon|stone_travertine,stone_travertine|stone_travertine,stone_travertine|stone_travertine,stone_travertine|dungeon_alt|stone_with_moss,stone_with_algae|stone_with_algae,stone_with_lichen|mineral_salt_crystal,stone_with_salt
warm_arid|highland|top|stone_sandstone_desert_gravel,sand_desert|stone_sandstone_white_gravel,sand_white|fill|stone_sandstone_white_gravel,sand_white|stone_sandstone_gravel,sand2|stone_sandstone_desert_gravel,sand_desert|stone|stone_sandstone_white,stone_sandstone_white|stone_sandstone_desert_stone,stone_sandstone|stone_desert,stone_sandstone_desert|dungeon|stone_travertine,stone_travertine|stone_travertine,stone_travertine|stone_travertine,stone_travertine|dungeon_alt|stone_with_moss,stone_with_algae|stone_with_algae,stone_with_lichen|mineral_salt_crystal,stone_with_salt
warm_arid|mountain|top|||fill|stone,stone_desert|stone,stone_desert|stone,stone_desert|stone|stone,stone_desert|stone,stone_desert|stone,stone_desert|dungeon|stone_travertine,stone_travertine|stone_travertine,stone_travertine|stone_travertine,stone_travertine|dungeon_alt|stone_with_moss,stone_with_algae|stone_with_algae,stone_with_lichen|mineral_salt_crystal,stone_with_salt
warm_arid|strato|top|||fill|stone,stone_desert|stone,stone_desert|stone,stone_desert|stone|stone,stone_desert|stone,stone_desert|stone,stone_desert|dungeon|stone_travertine,stone_travertine|stone_travertine,stone_travertine|stone_travertine,stone_travertine|dungeon_alt|stone_with_moss,stone_with_algae|stone_with_algae,stone_with_lichen|mineral_salt_crystal,stone_with_salt
#
#temperate_humid|deep_cave|top|||fill|||stone||||dungeon||||dungeon_alt|||
#temperate_humid|cave|top|||fill|||stone||||dungeon||||dungeon_alt|||
temperate_humid|ocean|top|||fill|sand,sand|sand,sand|sand,sand|stone|stone_sandstone,stone_sandstone|stone_sandstone,stone_sandstone|stone_sandstone,stone_sandstone|dungeon|stone_travertine,stone_travertine|stone_travertine,stone_travertine|stone_travertine,stone_travertine|dungeon_alt|stone_with_moss,stone_with_algae|stone_with_algae,stone_with_lichen|mineral_salt_crystal,stone_with_salt
temperate_humid|beach|top|||fill|sand,sand|sand,sand|sand,sand|stone|stone_sandstone,stone_sandstone|stone_sandstone,stone_sandstone|stone_sandstone,stone_sandstone|dungeon|stone_travertine,stone_travertine|stone_travertine,stone_travertine|stone_travertine,stone_travertine|dungeon_alt|stone_with_moss,stone_with_algae|stone_with_algae,stone_with_lichen|mineral_salt_crystal,stone_with_salt
temperate_humid|coastal|top|_with_grass_grove,_with_grass_green|_with_grass_temperate_humid_pale,|fill|dirt_clayey,dirt_clay_red|dirt_sandy,dirt_sand|dirt_silty,dirt_silt_01|stone|stone_sandstone_desert_stone,stone_desert|stone_sandstone,stone_sandstone_desert|stone_siltstone,stone|dungeon|stone_travertine,stone_travertine|stone_travertine,stone_travertine|stone_travertine,stone_travertine|dungeon_alt|stone_with_moss,stone_with_algae|stone_with_algae,stone_with_lichen|mineral_salt_crystal,stone_with_salt
temperate_humid|lowland|top|_with_grass_grove,_with_grass_green|_with_grass_temperate_humid_pale,|fill|dirt_clayey,dirt_clay_red|dirt_sandy,dirt_sand|dirt_silty,dirt_silt_01|stone|stone_sandstone_desert_stone,stone_desert|stone_sandstone,stone_sandstone_desert|stone_siltstone,stone|dungeon|stone_travertine,stone_travertine|stone_travertine,stone_travertine|stone_travertine,stone_travertine|dungeon_alt|stone_with_moss,stone_with_algae|stone_with_algae,stone_with_lichen|mineral_salt_crystal,stone_with_salt
temperate_humid|shelf|top|_with_grass_grove,_with_grass_green|_with_grass_temperate_humid_pale,|fill|dirt_clayey,dirt_clay_red|dirt_sandy,dirt_sand|dirt_silty,dirt_silt_01|stone|stone_sandstone_desert_stone,stone_desert|stone_sandstone,stone_sandstone_desert|stone_siltstone,stone|dungeon|stone_travertine,stone_travertine|stone_travertine,stone_travertine|stone_travertine,stone_travertine|dungeon_alt|stone_with_moss,stone_with_algae|stone_with_algae,stone_with_lichen|mineral_salt_crystal,stone_with_salt
temperate_humid|highland|top|_with_grass_grove,_with_grass_green|_with_grass_temperate_humid_pale,|fill|dirt_clayey,dirt_clay_red|dirt_sandy,dirt_sand|dirt_silty,dirt_silt_01|stone|stone_sandstone_desert_stone,stone_desert|stone_sandstone,stone_sandstone_desert|stone_siltstone,stone|dungeon|stone_travertine,stone_travertine|stone_travertine,stone_travertine|stone_travertine,stone_travertine|dungeon_alt|stone_with_moss,stone_with_algae|stone_with_algae,stone_with_lichen|mineral_salt_crystal,stone_with_salt
temperate_humid|mountain|top|||fill|stone,stone_desert|stone,stone_desert|stone,stone_desert|stone|stone,stone_desert|stone,stone_desert|stone,stone_desert|dungeon|stone_travertine,stone_travertine|stone_travertine,stone_travertine|stone_travertine,stone_travertine|dungeon_alt|stone_with_moss,stone_with_algae|stone_with_algae,stone_with_lichen|mineral_salt_crystal,stone_with_salt
temperate_humid|strato|top|||fill|stone,stone_desert|stone,stone_desert|stone,stone_desert|stone|stone,stone_desert|stone,stone_desert|stone,stone_desert|dungeon|stone_travertine,stone_travertine|stone_travertine,stone_travertine|stone_travertine,stone_travertine|dungeon_alt|stone_with_moss,stone_with_algae|stone_with_algae,stone_with_lichen|mineral_salt_crystal,stone_with_salt
#
#temperate_semihumid|deep_cave|top|||fill|||stone||||dungeon||||dungeon_alt|||
#temperate_semihumid|cave|top|||fill|||stone||||dungeon||||dungeon_alt|||
temperate_semihumid|ocean|top|||fill|sand,sand|sand,sand|sand,sand|stone|stone_sandstone,stone_sandstone|stone_sandstone,stone_sandstone|stone_sandstone,stone_sandstone|dungeon|stone_travertine,stone_travertine|stone_travertine,stone_travertine|stone_travertine,stone_travertine|dungeon_alt|stone_with_moss,stone_with_algae|stone_with_algae,stone_with_lichen|mineral_salt_crystal,stone_with_salt
temperate_semihumid|beach|top|||fill|sand,sand|sand,sand|sand,sand|stone|stone_sandstone,stone_sandstone|stone_sandstone,stone_sandstone|stone_sandstone,stone_sandstone|dungeon|stone_travertine,stone_travertine|stone_travertine,stone_travertine|stone_travertine,stone_travertine|dungeon_alt|stone_with_moss,stone_with_algae|stone_with_algae,stone_with_lichen|mineral_salt_crystal,stone_with_salt
temperate_semihumid|coastal|top|_with_grass_grove,_with_grass_green|_with_grass_temperate_semihumid_pale,|fill|dirt_clayey,dirt_clay_red|dirt_sandy,dirt_sand|dirt_silty,dirt_silt_01|stone|stone_sandstone_desert_stone,stone_desert|stone_sandstone,stone_sandstone_desert|stone_siltstone,stone|dungeon|stone_travertine,stone_travertine|stone_travertine,stone_travertine|stone_travertine,stone_travertine|dungeon_alt|stone_with_moss,stone_with_algae|stone_with_algae,stone_with_lichen|mineral_salt_crystal,stone_with_salt
temperate_semihumid|lowland|top|_with_grass_grove,_with_grass_green|_with_grass_temperate_semihumid_pale,|fill|dirt_clayey,dirt_clay_red|dirt_sandy,dirt_sand|dirt_silty,dirt_silt_01|stone|stone_sandstone_desert_stone,stone_desert|stone_sandstone,stone_sandstone_desert|stone_siltstone,stone|dungeon|stone_travertine,stone_travertine|stone_travertine,stone_travertine|stone_travertine,stone_travertine|dungeon_alt|stone_with_moss,stone_with_algae|stone_with_algae,stone_with_lichen|mineral_salt_crystal,stone_with_salt
temperate_semihumid|shelf|top|_with_grass_grove,_with_grass_green|_with_grass_temperate_semihumid_pale,|fill|dirt_clayey,dirt_clay_red|dirt_sandy,dirt_sand|dirt_silty,dirt_silt_01|stone|stone_sandstone_desert_stone,stone_desert|stone_sandstone,stone_sandstone_desert|stone_siltstone,stone|dungeon|stone_travertine,stone_travertine|stone_travertine,stone_travertine|stone_travertine,stone_travertine|dungeon_alt|stone_with_moss,stone_with_algae|stone_with_algae,stone_with_lichen|mineral_salt_crystal,stone_with_salt
temperate_semihumid|highland|top|_with_grass_grove,_with_grass_green|_with_grass_temperate_semihumid_pale,|fill|dirt_clayey,dirt_clay_red|dirt_sandy,dirt_sand|dirt_silty,dirt_silt_01|stone|stone_sandstone_desert_stone,stone_desert|stone_sandstone,stone_sandstone_desert|stone_siltstone,stone|dungeon|stone_travertine,stone_travertine|stone_travertine,stone_travertine|stone_travertine,stone_travertine|dungeon_alt|stone_with_moss,stone_with_algae|stone_with_algae,stone_with_lichen|mineral_salt_crystal,stone_with_salt
temperate_semihumid|mountain|top|||fill|stone,stone_desert|stone,stone_desert|stone,stone_desert|stone|stone,stone_desert|stone,stone_desert|stone,stone_desert|dungeon|stone_travertine,stone_travertine|stone_travertine,stone_travertine|stone_travertine,stone_travertine|dungeon_alt|stone_with_moss,stone_with_algae|stone_with_algae,stone_with_lichen|mineral_salt_crystal,stone_with_salt
temperate_semihumid|strato|top|||fill|stone,stone_desert|stone,stone_desert|stone,stone_desert|stone|stone,stone_desert|stone,stone_desert|stone,stone_desert|dungeon|stone_travertine,stone_travertine|stone_travertine,stone_travertine|stone_travertine,stone_travertine|dungeon_alt|stone_with_moss,stone_with_algae|stone_with_algae,stone_with_lichen|mineral_salt_crystal,stone_with_salt
#
#temperate_temperate|deep_cave|top|||fill|||stone||||dungeon||||dungeon_alt|||
#temperate_temperate|cave|top|||fill|||stone||||dungeon||||dungeon_alt|||
temperate_temperate|ocean|top|||fill|sand,sand|sand,sand|sand,sand|stone|stone_sandstone,stone_sandstone|stone_sandstone,stone_sandstone|stone_sandstone,stone_sandstone|dungeon|stone_travertine,stone_travertine|stone_travertine,stone_travertine|stone_travertine,stone_travertine|dungeon_alt|stone_with_moss,stone_with_algae|stone_with_algae,stone_with_lichen|mineral_salt_crystal,stone_with_salt
temperate_temperate|beach|top|||fill|sand,sand|sand,sand|sand,sand|stone|stone_sandstone,stone_sandstone|stone_sandstone,stone_sandstone|stone_sandstone,stone_sandstone|dungeon|stone_travertine,stone_travertine|stone_travertine,stone_travertine|stone_travertine,stone_travertine|dungeon_alt|stone_with_moss,stone_with_algae|stone_with_algae,stone_with_lichen|mineral_salt_crystal,stone_with_salt
temperate_temperate|coastal|top|_with_grass_grove,_with_grass_green|_with_grass_temperate_temperate_pale,|fill|dirt_clayey,dirt_clay_red|dirt_sandy,dirt_sand|dirt_silty,dirt_silt_01|stone|stone_sandstone_desert_stone,stone_desert|stone_sandstone,stone_sandstone_desert|stone_siltstone,stone|dungeon|stone_travertine,stone_travertine|stone_travertine,stone_travertine|stone_travertine,stone_travertine|dungeon_alt|stone_with_moss,stone_with_algae|stone_with_algae,stone_with_lichen|mineral_salt_crystal,stone_with_salt
temperate_temperate|lowland|top|_with_grass_grove,_with_grass_green|_with_grass_temperate_temperate_pale,|fill|dirt_clayey,dirt_clay|dirt_sandy,dirt_sand|dirt_silty,dirt_silt_01|stone|stone_sandstone_desert_stone,stone_desert|stone_sandstone,stone_sandstone_desert|stone_siltstone,stone|dungeon|stone_travertine,stone_travertine|stone_travertine,stone_travertine|stone_travertine,stone_travertine|dungeon_alt|stone_with_moss,stone_with_algae|stone_with_algae,stone_with_lichen|mineral_salt_crystal,stone_with_salt
temperate_temperate|shelf|top|_with_grass_grove,_with_grass_green|_with_grass_temperate_temperate_pale,|fill|dirt_clayey,dirt_clay_red|dirt_sandy,dirt_sand|dirt_silty,dirt_silt_01|stone|stone_sandstone_desert_stone,stone_desert|stone_sandstone,stone_sandstone_desert|stone_siltstone,stone|dungeon|stone_travertine,stone_travertine|stone_travertine,stone_travertine|stone_travertine,stone_travertine|dungeon_alt|stone_with_moss,stone_with_algae|stone_with_algae,stone_with_lichen|mineral_salt_crystal,stone_with_salt
temperate_temperate|highland|top|_with_grass_grove,_with_grass_green|_with_grass_temperate_temperate_pale,|fill|dirt_clayey,dirt_clay_red|dirt_sandy,dirt_sand|dirt_silty,dirt_silt_01|stone|stone_sandstone_desert_stone,stone_desert|stone_sandstone,stone_sandstone_desert|stone_siltstone,stone|dungeon|stone_travertine,stone_travertine|stone_travertine,stone_travertine|stone_travertine,stone_travertine|dungeon_alt|stone_with_moss,stone_with_algae|stone_with_algae,stone_with_lichen|mineral_salt_crystal,stone_with_salt
temperate_temperate|mountain|top|||fill|stone,stone_desert|stone,stone_desert|stone,stone_desert|stone|stone,stone_desert|stone,stone_desert|stone,stone_desert|dungeon|stone_travertine,stone_travertine|stone_travertine,stone_travertine|stone_travertine,stone_travertine|dungeon_alt|stone_with_moss,stone_with_algae|stone_with_algae,stone_with_lichen|mineral_salt_crystal,stone_with_salt
temperate_temperate|strato|top|||fill|stone,stone_desert|stone,stone_desert|stone,stone_desert|stone|stone,stone_desert|stone,stone_desert|stone,stone_desert|dungeon|stone_travertine,stone_travertine|stone_travertine,stone_travertine|stone_travertine,stone_travertine|dungeon_alt|stone_with_moss,stone_with_algae|stone_with_algae,stone_with_lichen|mineral_salt_crystal,stone_with_salt
#
#temperate_semiarid|deep_cave|top|||fill|||stone||||dungeon||||dungeon_alt|||
#temperate_semiarid|cave|top|||fill|||stone||||dungeon||||dungeon_alt|||
temperate_semiarid|ocean|top|||fill|sand,sand|sand,sand|sand,sand|stone|stone_sandstone,stone_sandstone|stone_sandstone,stone_sandstone|stone_sandstone,stone_sandstone|dungeon|stone_travertine,stone_travertine|stone_travertine,stone_travertine|stone_travertine,stone_travertine|dungeon_alt|stone_with_moss,stone_with_algae|stone_with_algae,stone_with_lichen|mineral_salt_crystal,stone_with_salt
temperate_semiarid|beach|top|||fill|sand,sand|sand,sand|sand,sand|stone|stone_sandstone,stone_sandstone|stone_sandstone,stone_sandstone|stone_sandstone,stone_sandstone|dungeon|stone_travertine,stone_travertine|stone_travertine,stone_travertine|stone_travertine,stone_travertine|dungeon_alt|stone_with_moss,stone_with_algae|stone_with_algae,stone_with_lichen|mineral_salt_crystal,stone_with_salt
temperate_semiarid|coastal|top|_with_grass_dry,_with_litter_dry|_with_grass_temperate_semiarid_pale,|fill|dirt_clayey,dirt_clay_red|dirt_sandy,dirt_sand|dirt_silty,dirt_silt_01|stone|stone_sandstone_desert_stone,stone_desert|stone_sandstone,stone_sandstone_desert|stone_siltstone,stone|dungeon|stone_travertine,stone_travertine|stone_travertine,stone_travertine|stone_travertine,stone_travertine|dungeon_alt|stone_with_moss,stone_with_algae|stone_with_algae,stone_with_lichen|mineral_salt_crystal,stone_with_salt
temperate_semiarid|lowland|top|_with_grass_dry,_with_litter_dry|_with_grass_temperate_semiarid_pale,|fill|dirt_clayey,dirt_clay_red|dirt_sandy,dirt_sand|dirt_silty,dirt_silt_01|stone|stone_sandstone_desert_stone,stone_desert|stone_sandstone,stone_sandstone_desert|stone_siltstone,stone|dungeon|stone_travertine,stone_travertine|stone_travertine,stone_travertine|stone_travertine,stone_travertine|dungeon_alt|stone_with_moss,stone_with_algae|stone_with_algae,stone_with_lichen|mineral_salt_crystal,stone_with_salt
temperate_semiarid|shelf|top|_with_grass_dry,_with_litter_dry|_with_grass_temperate_semiarid_pale,|fill|dirt_clayey,dirt_clay_red|dirt_sandy,dirt_sand|dirt_silty,dirt_silt_01|stone|stone_sandstone_desert_stone,stone_desert|stone_sandstone,stone_sandstone_desert|stone_siltstone,stone|dungeon|stone_travertine,stone_travertine|stone_travertine,stone_travertine|stone_travertine,stone_travertine|dungeon_alt|stone_with_moss,stone_with_algae|stone_with_algae,stone_with_lichen|mineral_salt_crystal,stone_with_salt
temperate_semiarid|highland|top|_with_grass_dry,_with_litter_dry|_with_grass_temperate_semiarid_pale,|fill|dirt_clayey,dirt_clay_red|dirt_sandy,dirt_sand|dirt_silty,dirt_silt_01|stone|stone_sandstone_desert_stone,stone_desert|stone_sandstone,stone_sandstone_desert|stone_siltstone,stone|dungeon|stone_travertine,stone_travertine|stone_travertine,stone_travertine|stone_travertine,stone_travertine|dungeon_alt|stone_with_moss,stone_with_algae|stone_with_algae,stone_with_lichen|mineral_salt_crystal,stone_with_salt
temperate_semiarid|mountain|top|||fill|stone,stone_desert|stone,stone_desert|stone,stone_desert|stone|stone,stone_desert|stone,stone_desert|stone,stone_desert|dungeon|stone_travertine,stone_travertine|stone_travertine,stone_travertine|stone_travertine,stone_travertine|dungeon_alt|stone_with_moss,stone_with_algae|stone_with_algae,stone_with_lichen|mineral_salt_crystal,stone_with_salt
temperate_semiarid|strato|top|||fill|stone,stone_desert|stone,stone_desert|stone,stone_desert|stone|stone,stone_desert|stone,stone_desert|stone,stone_desert|dungeon|stone_travertine,stone_travertine|stone_travertine,stone_travertine|stone_travertine,stone_travertine|dungeon_alt|stone_with_moss,stone_with_algae|stone_with_algae,stone_with_lichen|mineral_salt_crystal,stone_with_salt
#
#temperate_arid|deep_cave|top|||fill|||stone||||dungeon||||dungeon_alt|||
#temperate_arid|cave|top|||fill|||stone||||dungeon||||dungeon_alt|||
temperate_arid|ocean|top|||fill|sand,sand|sand,sand|sand,sand|stone|stone_sandstone,stone_sandstone|stone_sandstone,stone_sandstone|stone_sandstone,stone_sandstone|dungeon|stone_travertine,stone_travertine|stone_travertine,stone_travertine|stone_travertine,stone_travertine|dungeon_alt|stone_with_moss,stone_with_algae|stone_with_algae,stone_with_lichen|mineral_salt_crystal,stone_with_salt
temperate_arid|beach|top|||fill|sand,sand|sand,sand|sand,sand|stone|stone_sandstone,stone_sandstone|stone_sandstone,stone_sandstone|stone_sandstone,stone_sandstone|dungeon|stone_travertine,stone_travertine|stone_travertine,stone_travertine|stone_travertine,stone_travertine|dungeon_alt|stone_with_moss,stone_with_algae|stone_with_algae,stone_with_lichen|mineral_salt_crystal,stone_with_salt
temperate_arid|coastal|top|stone_sandstone_desert_gravel,sand_desert|stone_sandstone_white_gravel,sand_white|fill|stone_sandstone_white_gravel,sand_white|stone_sandstone_gravel,sand2|stone_desert_gravel,stone_desert|stone|stone_sandstone_white,stone_sandstone_white|stone_sandstone_desert_stone,stone_sandstone|stone_desert,stone_sandstone_desert|dungeon|stone_travertine,stone_travertine|stone_travertine,stone_travertine|stone_travertine,stone_travertine|dungeon_alt|stone_with_moss,stone_with_algae|stone_with_algae,stone_with_lichen|mineral_salt_crystal,stone_with_salt
temperate_arid|lowland|top|stone_sandstone_desert_gravel,sand_desert|stone_sandstone_white_gravel,sand_white|fill|stone_sandstone_white_gravel,sand_white|stone_sandstone_gravel,sand2|stone_desert_gravel,stone_desert|stone|stone_sandstone_white,stone_sandstone_white|stone_sandstone_desert_stone,stone_sandstone|stone_desert,stone_sandstone_desert|dungeon|stone_travertine,stone_travertine|stone_travertine,stone_travertine|stone_travertine,stone_travertine|dungeon_alt|stone_with_moss,stone_with_algae|stone_with_algae,stone_with_lichen|mineral_salt_crystal,stone_with_salt
temperate_arid|shelf|top|stone_sandstone_desert_gravel,sand_desert|stone_sandstone_white_gravel,sand_white|fill|stone_sandstone_white_gravel,sand_white|stone_sandstone_gravel,sand2|stone_desert_gravel,stone_desert|stone|stone_sandstone_white,stone_sandstone_white|stone_sandstone_desert_stone,stone_sandstone|stone_desert,stone_sandstone_desert|dungeon|stone_travertine,stone_travertine|stone_travertine,stone_travertine|stone_travertine,stone_travertine|dungeon_alt|stone_with_moss,stone_with_algae|stone_with_algae,stone_with_lichen|mineral_salt_crystal,stone_with_salt
temperate_arid|highland|top|stone_sandstone_desert_gravel,sand_desert|stone_sandstone_white_gravel,sand_white|fill|stone_sandstone_white_gravel,stone_sandstone_white|stone_sandstone_gravel,stone_sandstone|stone_sandstone_desert_gravel,stone_sandstone_desert|stone|stone_sandstone_white,stone_sandstone_white|stone_sandstone_desert_stone,stone_sandstone|stone_desert,stone_sandstone_desert|dungeon|stone_travertine,stone_travertine|stone_travertine,stone_travertine|stone_travertine,stone_travertine|dungeon_alt|stone_with_moss,stone_with_algae|stone_with_algae,stone_with_lichen|mineral_salt_crystal,stone_with_salt
temperate_arid|mountain|top|||fill|stone,stone_desert|stone,stone_desert|stone,stone_desert|stone|stone,stone_desert|stone,stone_desert|stone,stone_desert|dungeon|stone_travertine,stone_travertine|stone_travertine,stone_travertine|stone_travertine,stone_travertine|dungeon_alt|stone_with_moss,stone_with_algae|stone_with_algae,stone_with_lichen|mineral_salt_crystal,stone_with_salt
temperate_arid|strato|top|||fill|stone,stone_desert|stone,stone_desert|stone,stone_desert|stone|stone,stone_desert|stone,stone_desert|stone,stone_desert|dungeon|stone_travertine,stone_travertine|stone_travertine,stone_travertine|stone_travertine,stone_travertine|dungeon_alt|stone_with_moss,stone_with_algae|stone_with_algae,stone_with_lichen|mineral_salt_crystal,stone_with_salt
#
#cool_humid|deep_cave|top|||fill|||stone||||dungeon||||dungeon_alt|||
#cool_humid|cave|top|||fill|||stone||||dungeon||||dungeon_alt|||
cool_humid|ocean|top|||fill|sand,sand|sand,sand|sand,sand|stone|stone_sandstone,stone_sandstone|stone_sandstone,stone_sandstone|stone_sandstone,stone_sandstone|dungeon|stone_travertine,stone_travertine|stone_travertine,stone_travertine|stone_travertine,stone_travertine|dungeon_alt|stone_with_moss,stone_with_algae|stone_with_algae,stone_with_lichen|mineral_salt_crystal,stone_with_salt
cool_humid|beach|top|||fill|sand,sand|sand,sand|sand,sand|stone|stone_sandstone,stone_sandstone|stone_sandstone,stone_sandstone|stone_sandstone,stone_sandstone|dungeon|stone_travertine,stone_travertine|stone_travertine,stone_travertine|stone_travertine,stone_travertine|dungeon_alt|stone_with_moss,stone_with_algae|stone_with_algae,stone_with_lichen|mineral_salt_crystal,stone_with_salt
cool_humid|coastal|top|_with_litter_coniferous,_with_litter_beech|_with_grass_cool_humid_pale,|fill|dirt_clayey,dirt_clay_red|dirt_sandy,dirt_sand|dirt_silty,dirt_silt_01|stone|stone_sandstone_desert_stone,stone_desert|stone_sandstone,stone_sandstone_desert|stone_siltstone,stone|dungeon|stone_travertine,stone_travertine|stone_travertine,stone_travertine|stone_travertine,stone_travertine|dungeon_alt|stone_with_moss,stone_with_algae|stone_with_algae,stone_with_lichen|mineral_salt_crystal,stone_with_salt
cool_humid|lowland|top|_with_litter_coniferous,_with_litter_beech|_with_grass_cool_humid_pale,|fill|dirt_clayey,dirt_clay_red|dirt_sandy,dirt_sand|dirt_silty,dirt_silt_01|stone|stone_sandstone_desert_stone,stone_desert|stone_sandstone,stone_sandstone_desert|stone_siltstone,stone|dungeon|stone_travertine,stone_travertine|stone_travertine,stone_travertine|stone_travertine,stone_travertine|dungeon_alt|stone_with_moss,stone_with_algae|stone_with_algae,stone_with_lichen|mineral_salt_crystal,stone_with_salt
cool_humid|shelf|top|_with_litter_coniferous,_with_litter_beech|_with_grass_cool_humid_pale,|fill|dirt_clayey,dirt_clay_red|dirt_sandy,dirt_sand|dirt_silty,dirt_silt_01|stone|stone_sandstone_desert_stone,stone_desert|stone_sandstone,stone_sandstone_desert|stone_siltstone,stone|dungeon|stone_travertine,stone_travertine|stone_travertine,stone_travertine|stone_travertine,stone_travertine|dungeon_alt|stone_with_moss,stone_with_algae|stone_with_algae,stone_with_lichen|mineral_salt_crystal,stone_with_salt
cool_humid|highland|top|_with_litter_coniferous,_with_litter_beech|_with_grass_cool_humid_pale,|fill|dirt_clayey,dirt_clay_red|dirt_sandy,dirt_sand|dirt_silty,dirt_silt_01|stone|stone_sandstone_desert_stone,stone_desert|stone_sandstone,stone_sandstone_desert|stone_siltstone,stone|dungeon|stone_travertine,stone_travertine|stone_travertine,stone_travertine|stone_travertine,stone_travertine|dungeon_alt|stone_with_moss,stone_with_algae|stone_with_algae,stone_with_lichen|mineral_salt_crystal,stone_with_salt
cool_humid|mountain|top|||fill|stone,stone_desert|stone,stone_desert|stone,stone_desert|stone|stone,stone_desert|stone,stone_desert|stone,stone_desert|dungeon|stone_travertine,stone_travertine|stone_travertine,stone_travertine|stone_travertine,stone_travertine|dungeon_alt|stone_with_moss,stone_with_algae|stone_with_algae,stone_with_lichen|mineral_salt_crystal,stone_with_salt
cool_humid|strato|top|||fill|stone,stone_desert|stone,stone_desert|stone,stone_desert|stone|stone,stone_desert|stone,stone_desert|stone,stone_desert|dungeon|stone_travertine,stone_travertine|stone_travertine,stone_travertine|stone_travertine,stone_travertine|dungeon_alt|stone_with_moss,stone_with_algae|stone_with_algae,stone_with_lichen|mineral_salt_crystal,stone_with_salt
#
#cool_semihumid|deep_cave|top|||fill|||stone||||dungeon||||dungeon_alt|||
#cool_semihumid|cave|top|||fill|||stone||||dungeon||||dungeon_alt|||
cool_semihumid|ocean|top|||fill|sand,sand|sand,sand|sand,sand|stone|stone_sandstone,stone_sandstone|stone_sandstone,stone_sandstone|stone_sandstone,stone_sandstone|dungeon|stone_travertine,stone_travertine|stone_travertine,stone_travertine|stone_travertine,stone_travertine|dungeon_alt|stone_with_moss,stone_with_algae|stone_with_algae,stone_with_lichen|mineral_salt_crystal,stone_with_salt
cool_semihumid|beach|top|||fill|sand,sand|sand,sand|sand,sand|stone|stone_sandstone,stone_sandstone|stone_sandstone,stone_sandstone|stone_sandstone,stone_sandstone|dungeon|stone_travertine,stone_travertine|stone_travertine,stone_travertine|stone_travertine,stone_travertine|dungeon_alt|stone_with_moss,stone_with_algae|stone_with_algae,stone_with_lichen|mineral_salt_crystal,stone_with_salt
cool_semihumid|coastal|top|_with_litter_coniferous,_with_litter_beech|_with_grass_cool_semihumid_pale,|fill|dirt_clayey,dirt_clay_red|dirt_sandy,dirt_sand|dirt_silty,dirt_silt_01|stone|stone_sandstone_desert_stone,stone_desert|stone_sandstone,stone_sandstone_desert|stone_siltstone,stone|dungeon|stone_travertine,stone_travertine|stone_travertine,stone_travertine|stone_travertine,stone_travertine|dungeon_alt|stone_with_moss,stone_with_algae|stone_with_algae,stone_with_lichen|mineral_salt_crystal,stone_with_salt
cool_semihumid|lowland|top|_with_litter_coniferous,_with_litter_beech|_with_grass_cool_semihumid_pale,|fill|dirt_clayey,dirt_clay_red|dirt_sandy,dirt_sand|dirt_silty,dirt_silt_01|stone|stone_sandstone_desert_stone,stone_desert|stone_sandstone,stone_sandstone_desert|stone_siltstone,stone|dungeon|stone_travertine,stone_travertine|stone_travertine,stone_travertine|stone_travertine,stone_travertine|dungeon_alt|stone_with_moss,stone_with_algae|stone_with_algae,stone_with_lichen|mineral_salt_crystal,stone_with_salt
cool_semihumid|shelf|top|_with_litter_coniferous,_with_litter_beech|_with_grass_cool_semihumid_pale,|fill|dirt_clayey,dirt_clay_red|dirt_sandy,dirt_sand|dirt_silty,dirt_silt_01|stone|stone_sandstone_desert_stone,stone_desert|stone_sandstone,stone_sandstone_desert|stone_siltstone,stone|dungeon|stone_travertine,stone_travertine|stone_travertine,stone_travertine|stone_travertine,stone_travertine|dungeon_alt|stone_with_moss,stone_with_algae|stone_with_algae,stone_with_lichen|mineral_salt_crystal,stone_with_salt
cool_semihumid|highland|top|_with_litter_coniferous,_with_litter_beech|_with_grass_cool_semihumid_pale,|fill|dirt_clayey,dirt_clay_red|dirt_sandy,dirt_sand|dirt_silty,dirt_silt_01|stone|stone_sandstone_desert_stone,stone_desert|stone_sandstone,stone_sandstone_desert|stone_siltstone,stone|dungeon|stone_travertine,stone_travertine|stone_travertine,stone_travertine|stone_travertine,stone_travertine|dungeon_alt|stone_with_moss,stone_with_algae|stone_with_algae,stone_with_lichen|mineral_salt_crystal,stone_with_salt
cool_semihumid|mountain|top|||fill|stone,stone_desert|stone,stone_desert|stone,stone_desert|stone|stone,stone_desert|stone,stone_desert|stone,stone_desert|dungeon|stone_travertine,stone_travertine|stone_travertine,stone_travertine|stone_travertine,stone_travertine|dungeon_alt|stone_with_moss,stone_with_algae|stone_with_algae,stone_with_lichen|mineral_salt_crystal,stone_with_salt
cool_semihumid|strato|top|||fill|stone,stone_desert|stone,stone_desert|stone,stone_desert|stone|stone,stone_desert|stone,stone_desert|stone,stone_desert|dungeon|stone_travertine,stone_travertine|stone_travertine,stone_travertine|stone_travertine,stone_travertine|dungeon_alt|stone_with_moss,stone_with_algae|stone_with_algae,stone_with_lichen|mineral_salt_crystal,stone_with_salt
#
#cool_temperate|deep_cave|top|||fill|||stone||||dungeon||||dungeon_alt|||
#cool_temperate|cave|top|||fill|||stone||||dungeon||||dungeon_alt|||
cool_temperate|ocean|top|||fill|sand,sand|sand,sand|sand,sand|stone|stone_sandstone,stone_sandstone|stone_sandstone,stone_sandstone|stone_sandstone,stone_sandstone|dungeon|stone_travertine,stone_travertine|stone_travertine,stone_travertine|stone_travertine,stone_travertine|dungeon_alt|stone_with_moss,stone_with_algae|stone_with_algae,stone_with_lichen|mineral_salt_crystal,stone_with_salt
cool_temperate|beach|top|||fill|sand,sand|sand,sand|sand,sand|stone|stone_sandstone,stone_sandstone|stone_sandstone,stone_sandstone|stone_sandstone,stone_sandstone|dungeon|stone_travertine,stone_travertine|stone_travertine,stone_travertine|stone_travertine,stone_travertine|dungeon_alt|stone_with_moss,stone_with_algae|stone_with_algae,stone_with_lichen|mineral_salt_crystal,stone_with_salt
cool_temperate|coastal|top|_with_litter_coniferous,_with_litter_beech|_with_grass_cool_temperate_pale,|fill|dirt_clayey,dirt_clay_red|dirt_sandy,dirt_sand|dirt_silty,dirt_silt_01|stone|stone_sandstone_desert_stone,stone_desert|stone_sandstone,stone_sandstone_desert|stone_siltstone,stone|dungeon|stone_travertine,stone_travertine|stone_travertine,stone_travertine|stone_travertine,stone_travertine|dungeon_alt|stone_with_moss,stone_with_algae|stone_with_algae,stone_with_lichen|mineral_salt_crystal,stone_with_salt
cool_temperate|lowland|top|_with_litter_coniferous,_with_litter_beech|_with_grass_cool_temperate_pale,|fill|dirt_clayey,dirt_clay_red|dirt_sandy,dirt_sand|dirt_silty,dirt_silt_01|stone|stone_sandstone_desert_stone,stone_desert|stone_sandstone,stone_sandstone_desert|stone_siltstone,stone|dungeon|stone_travertine,stone_travertine|stone_travertine,stone_travertine|stone_travertine,stone_travertine|dungeon_alt|stone_with_moss,stone_with_algae|stone_with_algae,stone_with_lichen|mineral_salt_crystal,stone_with_salt
cool_temperate|shelf|top|_with_litter_coniferous,_with_litter_beech|_with_grass_cool_temperate_pale,|fill|dirt_clayey,dirt_clay_red|dirt_sandy,dirt_sand|dirt_silty,dirt_silt_01|stone|stone_sandstone_desert_stone,stone_desert|stone_sandstone,stone_sandstone_desert|stone_siltstone,stone|dungeon|stone_travertine,stone_travertine|stone_travertine,stone_travertine|stone_travertine,stone_travertine|dungeon_alt|stone_with_moss,stone_with_algae|stone_with_algae,stone_with_lichen|mineral_salt_crystal,stone_with_salt
cool_temperate|highland|top|_with_litter_coniferous,_with_litter_beech|_with_grass_cool_temperate_pale,|fill|dirt_clayey,dirt_clay_red|dirt_sandy,dirt_sand|dirt_silty,dirt_silt_01|stone|stone_sandstone_desert_stone,stone_desert|stone_sandstone,stone_sandstone_desert|stone_siltstone,stone|dungeon|stone_travertine,stone_travertine|stone_travertine,stone_travertine|stone_travertine,stone_travertine|dungeon_alt|stone_with_moss,stone_with_algae|stone_with_algae,stone_with_lichen|mineral_salt_crystal,stone_with_salt
cool_temperate|mountain|top|||fill|stone,stone_desert|stone,stone_desert|stone,stone_desert|stone|stone,stone_desert|stone,stone_desert|stone,stone_desert|dungeon|stone_travertine,stone_travertine|stone_travertine,stone_travertine|stone_travertine,stone_travertine|dungeon_alt|stone_with_moss,stone_with_algae|stone_with_algae,stone_with_lichen|mineral_salt_crystal,stone_with_salt
cool_temperate|strato|top|||fill|stone,stone_desert|stone,stone_desert|stone,stone_desert|stone|stone,stone_desert|stone,stone_desert|stone,stone_desert|dungeon|stone_travertine,stone_travertine|stone_travertine,stone_travertine|stone_travertine,stone_travertine|dungeon_alt|stone_with_moss,stone_with_algae|stone_with_algae,stone_with_lichen|mineral_salt_crystal,stone_with_salt
#
#cool_semiarid|deep_cave|top|||fill|||stone||||dungeon||||dungeon_alt|||
#cool_semiarid|cave|top|||fill|||stone||||dungeon||||dungeon_alt|||
cool_semiarid|ocean|top|||fill|sand,sand|sand,sand|sand,sand|stone|stone_sandstone,stone_sandstone|stone_sandstone,stone_sandstone|stone_sandstone,stone_sandstone|dungeon|stone_travertine,stone_travertine|stone_travertine,stone_travertine|stone_travertine,stone_travertine|dungeon_alt|stone_with_moss,stone_with_algae|stone_with_algae,stone_with_lichen|mineral_salt_crystal,stone_with_salt
cool_semiarid|beach|top|||fill|sand,sand|sand,sand|sand,sand|stone|stone_sandstone,stone_sandstone|stone_sandstone,stone_sandstone|stone_sandstone,stone_sandstone|dungeon|stone_travertine,stone_travertine|stone_travertine,stone_travertine|stone_travertine,stone_travertine|dungeon_alt|stone_with_moss,stone_with_algae|stone_with_algae,stone_with_lichen|mineral_salt_crystal,stone_with_salt
cool_semiarid|coastal|top|_with_grass_dry,_with_litter_dry|_with_grass_cool_semiarid_pale,|fill|dirt_clayey,dirt_clay_red|dirt_sandy,dirt_sand|dirt_silty,dirt_silt_01|stone|stone_sandstone_desert_stone,stone_desert|stone_sandstone,stone_sandstone_desert|stone_siltstone,stone|dungeon|stone_travertine,stone_travertine|stone_travertine,stone_travertine|stone_travertine,stone_travertine|dungeon_alt|stone_with_moss,stone_with_algae|stone_with_algae,stone_with_lichen|mineral_salt_crystal,stone_with_salt
cool_semiarid|lowland|top|_with_grass_dry,_with_litter_dry|_with_grass_cool_semiarid_pale,|fill|dirt_clayey,dirt_clay_red|dirt_sandy,dirt_sand|dirt_silty,dirt_silt_01|stone|stone_sandstone_desert_stone,stone_desert|stone_sandstone,stone_sandstone_desert|stone_siltstone,stone|dungeon|stone_travertine,stone_travertine|stone_travertine,stone_travertine|stone_travertine,stone_travertine|dungeon_alt|stone_with_moss,stone_with_algae|stone_with_algae,stone_with_lichen|mineral_salt_crystal,stone_with_salt
cool_semiarid|shelf|top|_with_grass_dry,_with_litter_dry|_with_grass_cool_semiarid_pale,|fill|dirt_clayey,dirt_clay_red|dirt_sandy,dirt_sand|dirt_silty,dirt_silt_01|stone|stone_sandstone_desert_stone,stone_desert|stone_sandstone,stone_sandstone_desert|stone_siltstone,stone|dungeon|stone_travertine,stone_travertine|stone_travertine,stone_travertine|stone_travertine,stone_travertine|dungeon_alt|stone_with_moss,stone_with_algae|stone_with_algae,stone_with_lichen|mineral_salt_crystal,stone_with_salt
cool_semiarid|highland|top|_with_grass_dry,_with_litter_dry|_with_grass_cool_semiarid_pale,|fill|dirt_clayey,dirt_clay_red|dirt_sandy,dirt_sand|dirt_silty,dirt_silt_01|stone|stone_sandstone_desert_stone,stone_desert|stone_sandstone,stone_sandstone_desert|stone_siltstone,stone|dungeon|stone_travertine,stone_travertine|stone_travertine,stone_travertine|stone_travertine,stone_travertine|dungeon_alt|stone_with_moss,stone_with_algae|stone_with_algae,stone_with_lichen|mineral_salt_crystal,stone_with_salt
cool_semiarid|mountain|top|||fill|stone,stone_desert|stone,stone_desert|stone,stone_desert|stone|stone,stone_desert|stone,stone_desert|stone,stone_desert|dungeon|stone_travertine,stone_travertine|stone_travertine,stone_travertine|stone_travertine,stone_travertine|dungeon_alt|stone_with_moss,stone_with_algae|stone_with_algae,stone_with_lichen|mineral_salt_crystal,stone_with_salt
cool_semiarid|strato|top|||fill|stone,stone_desert|stone,stone_desert|stone,stone_desert|stone|stone,stone_desert|stone,stone_desert|stone,stone_desert|dungeon|stone_travertine,stone_travertine|stone_travertine,stone_travertine|stone_travertine,stone_travertine|dungeon_alt|stone_with_moss,stone_with_algae|stone_with_algae,stone_with_lichen|mineral_salt_crystal,stone_with_salt
#
#cool_arid|deep_cave|top|||fill|||stone||||dungeon||||dungeon_alt|||
#cool_arid|cave|top|||fill|||stone||||dungeon||||dungeon_alt|||
cool_arid|ocean|top|||fill|sand,sand|sand,sand|sand,sand|stone|stone_sandstone,stone_sandstone|stone_sandstone,stone_sandstone|stone_sandstone,stone_sandstone|dungeon|stone_travertine,stone_travertine|stone_travertine,stone_travertine|stone_travertine,stone_travertine|dungeon_alt|stone_with_moss,stone_with_algae|stone_with_algae,stone_with_lichen|mineral_salt_crystal,stone_with_salt
cool_arid|beach|top|||fill|sand,sand|sand,sand|sand,sand|stone|stone_sandstone,stone_sandstone|stone_sandstone,stone_sandstone|stone_sandstone,stone_sandstone|dungeon|stone_travertine,stone_travertine|stone_travertine,stone_travertine|stone_travertine,stone_travertine|dungeon_alt|stone_with_moss,stone_with_algae|stone_with_algae,stone_with_lichen|mineral_salt_crystal,stone_with_salt
cool_arid|coastal|top|stone_sandstone_desert_gravel,sand_desert|stone_sandstone_white_gravel,sand_white|fill|stone_sandstone_white_gravel,sand_white|stone_sandstone_gravel,sand2|stone_sandstone_desert_gravel,sand_desert|stone|stone_sandstone_white,stone_sandstone_white|stone_sandstone_desert_stone,stone_sandstone|stone_desert,stone_sandstone_desert|dungeon|stone_travertine,stone_travertine|stone_travertine,stone_travertine|stone_travertine,stone_travertine|dungeon_alt|stone_with_moss,stone_with_algae|stone_with_algae,stone_with_lichen|mineral_salt_crystal,stone_with_salt
cool_arid|lowland|top|stone_sandstone_desert_gravel,sand_desert|stone_sandstone_white_gravel,sand_white|fill|stone_sandstone_white_gravel,sand_white|stone_sandstone_gravel,sand2|stone_sandstone_desert_gravel,sand_desert|stone|stone_sandstone_white,stone_sandstone_white|stone_sandstone_desert_stone,stone_sandstone|stone_desert,stone_sandstone_desert|dungeon|stone_travertine,stone_travertine|stone_travertine,stone_travertine|stone_travertine,stone_travertine|dungeon_alt|stone_with_moss,stone_with_algae|stone_with_algae,stone_with_lichen|mineral_salt_crystal,stone_with_salt
cool_arid|shelf|top|stone_sandstone_desert_gravel,sand_desert|stone_sandstone_white_gravel,sand_white|fill|stone_sandstone_white_gravel,sand_white|stone_sandstone_gravel,sand2|stone_sandstone_desert_gravel,sand_desert|stone|stone_sandstone_white,stone_sandstone_white|stone_sandstone_desert_stone,stone_sandstone|stone_desert,stone_sandstone_desert|dungeon|stone_travertine,stone_travertine|stone_travertine,stone_travertine|stone_travertine,stone_travertine|dungeon_alt|stone_with_moss,stone_with_algae|stone_with_algae,stone_with_lichen|mineral_salt_crystal,stone_with_salt
cool_arid|highland|top|stone_sandstone_desert_gravel,sand_desert|stone_sandstone_white_gravel,sand_white|fill|stone_sandstone_white_gravel,sand_white|stone_sandstone_gravel,sand2|stone_sandstone_desert_gravel,sand_desert|stone|stone_sandstone_white,stone_sandstone_white|stone_sandstone_desert_stone,stone_sandstone|stone_desert,stone_sandstone_desert|dungeon|stone_travertine,stone_travertine|stone_travertine,stone_travertine|stone_travertine,stone_travertine|dungeon_alt|stone_with_moss,stone_with_algae|stone_with_algae,stone_with_lichen|mineral_salt_crystal,stone_with_salt
cool_arid|mountain|top|||fill|stone,stone_desert|stone,stone_desert|stone,stone_desert|stone|stone,stone_desert|stone,stone_desert|stone,stone_desert|dungeon|stone_travertine,stone_travertine|stone_travertine,stone_travertine|stone_travertine,stone_travertine|dungeon_alt|stone_with_moss,stone_with_algae|stone_with_algae,stone_with_lichen|mineral_salt_crystal,stone_with_salt
cool_arid|strato|top|||fill|stone,stone_desert|stone,stone_desert|stone,stone_desert|stone|stone,stone_desert|stone,stone_desert|stone,stone_desert|dungeon|stone_travertine,stone_travertine|stone_travertine,stone_travertine|stone_travertine,stone_travertine|dungeon_alt|stone_with_moss,stone_with_algae|stone_with_algae,stone_with_lichen|mineral_salt_crystal,stone_with_salt
#
#cold_humid|deep_cave|top|||fill|||stone||||dungeon||||dungeon_alt|||
#cold_humid|cave|top|||fill|||stone||||dungeon||||dungeon_alt|||
cold_humid|ocean|top|||fill|sand,sand|sand,sand|sand,sand|stone|stone_sandstone,stone_sandstone|stone_sandstone,stone_sandstone|stone_sandstone,stone_sandstone|dungeon|stone,stone|stone,stone|stone,stone|dungeon_alt|stone,stone|stone,stone|stone,stone
cold_humid|beach|top|||fill|sand,sand|sand,sand|sand,sand|stone|stone_sandstone,stone_sandstone|stone_sandstone,stone_sandstone|stone_sandstone,stone_sandstone|dungeon|stone,stone|stone,stone|stone,stone|dungeon_alt|stone,stone|stone,stone|stone,stone
cold_humid|coastal|top|_with_snow,_with_snow|_with_litter_moss,_with_litter_moss|fill|dirt_permafrost,dirt_permafrost_stoney|dirt_permafrost,dirt_permafrost_stoney|dirt_permafrost,dirt_permafrost_stoney|stone|stone_sandstone_desert_stone,stone_desert|stone_sandstone,stone_sandstone_desert|stone_siltstone,stone|dungeon|stone,stone|stone,stone|stone,stone|dungeon_alt|stone,stone|stone,stone|stone,stone
cold_humid|lowland|top|_with_snow,_with_snow|_with_litter_moss,_with_litter_moss|fill|dirt_permafrost,dirt_permafrost_stoney|dirt_permafrost,dirt_permafrost_stoney|dirt_permafrost,dirt_permafrost_stoney|stone|stone_sandstone_desert_stone,stone_desert|stone_sandstone,stone_sandstone_desert|stone_siltstone,stone|dungeon|stone,stone|stone,stone|stone,stone|dungeon_alt|stone,stone|stone,stone|stone,stone
cold_humid|shelf|top|_with_snow,_with_snow|_with_litter_moss,_with_litter_moss|fill|dirt_permafrost,dirt_permafrost_stoney|dirt_permafrost,dirt_permafrost_stoney|dirt_permafrost,dirt_permafrost_stoney|stone|stone_sandstone_desert_stone,stone_desert|stone_sandstone,stone_sandstone_desert|stone_siltstone,stone|dungeon|stone,stone|stone,stone|stone,stone|dungeon_alt|stone,stone|stone,stone|stone,stone
cold_humid|highland|top|_with_snow,_with_snow|_with_litter_moss,_with_litter_moss|fill|dirt_permafrost,dirt_permafrost_stoney|dirt_permafrost,dirt_permafrost_stoney|dirt_permafrost,dirt_permafrost_stoney|stone|stone_sandstone_desert_stone,stone_desert|stone_sandstone,stone_sandstone_desert|stone_siltstone,stone|dungeon|stone,stone|stone,stone|stone,stone|dungeon_alt|stone,stone|stone,stone|stone,stone
cold_humid|mountain|top|||fill|stone,stone_desert|stone,stone_desert|stone,stone_desert|stone|stone,stone_desert|stone,stone_desert|stone,stone_desert|dungeon|stone,stone|stone,stone|stone,stone|dungeon_alt|stone,stone|stone,stone|stone,stone
cold_humid|strato|top|||fill|stone,stone_desert|stone,stone_desert|stone,stone_desert|stone|stone,stone_desert|stone,stone_desert|stone,stone_desert|dungeon|stone,stone|stone,stone|stone,stone|dungeon_alt|stone,stone|stone,stone|stone,stone
#
#cold_semihumid|deep_cave|top|||fill|||stone||||dungeon||||dungeon_alt|||
#cold_semihumid|cave|top|||fill|||stone||||dungeon||||dungeon_alt|||
cold_semihumid|ocean|top|||fill|sand,sand|sand,sand|sand,sand|stone|stone_sandstone,stone_sandstone|stone_sandstone,stone_sandstone|stone_sandstone,stone_sandstone|dungeon|stone,stone|stone,stone|stone,stone|dungeon_alt|stone,stone|stone,stone|stone,stone
cold_semihumid|beach|top|||fill|sand,sand|sand,sand|sand,sand|stone|stone_sandstone,stone_sandstone|stone_sandstone,stone_sandstone|stone_sandstone,stone_sandstone|dungeon|stone,stone|stone,stone|stone,stone|dungeon_alt|stone,stone|stone,stone|stone,stone
cold_semihumid|coastal|top|_with_snow,_with_snow|_with_litter_moss,_with_litter_moss|fill|dirt_permafrost,dirt_permafrost_stoney|dirt_permafrost,dirt_permafrost_stoney|dirt_permafrost,dirt_permafrost_stoney|stone|stone_sandstone_desert_stone,stone_desert|stone_sandstone,stone_sandstone_desert|stone_siltstone,stone|dungeon|stone,stone|stone,stone|stone,stone|dungeon_alt|stone,stone|stone,stone|stone,stone
cold_semihumid|lowland|top|_with_snow,_with_snow|_with_litter_moss,_with_litter_moss|fill|dirt_permafrost,dirt_permafrost_stoney|dirt_permafrost,dirt_permafrost_stoney|dirt_permafrost,dirt_permafrost_stoney|stone|stone_sandstone_desert_stone,stone_desert|stone_sandstone,stone_sandstone_desert|stone_siltstone,stone|dungeon|stone,stone|stone,stone|stone,stone|dungeon_alt|stone,stone|stone,stone|stone,stone
cold_semihumid|shelf|top|_with_snow,_with_snow|_with_litter_moss,_with_litter_moss|fill|dirt_permafrost,dirt_permafrost_stoney|dirt_permafrost,dirt_permafrost_stoney|dirt_permafrost,dirt_permafrost_stoney|stone|stone_sandstone_desert_stone,stone_desert|stone_sandstone,stone_sandstone_desert|stone_siltstone,stone|dungeon|stone,stone|stone,stone|stone,stone|dungeon_alt|stone,stone|stone,stone|stone,stone
cold_semihumid|highland|top|_with_snow,_with_snow|_with_litter_moss,_with_litter_moss|fill|dirt_permafrost,dirt_permafrost_stoney|dirt_permafrost,dirt_permafrost_stoney|dirt_permafrost,dirt_permafrost_stoney|stone|stone_sandstone_desert_stone,stone_desert|stone_sandstone,stone_sandstone_desert|stone_siltstone,stone|dungeon|stone,stone|stone,stone|stone,stone|dungeon_alt|stone,stone|stone,stone|stone,stone
cold_semihumid|mountain|top|||fill|stone,stone_desert|stone,stone_desert|stone,stone_desert|stone|stone,stone_desert|stone,stone_desert|stone,stone_desert|dungeon|stone,stone|stone,stone|stone,stone|dungeon_alt|stone,stone|stone,stone|stone,stone
cold_semihumid|strato|top|||fill|stone,stone_desert|stone,stone_desert|stone,stone_desert|stone|stone,stone_desert|stone,stone_desert|stone,stone_desert|dungeon|stone,stone|stone,stone|stone,stone|dungeon_alt|stone,stone|stone,stone|stone,stone
#
#cold_temperate|deep_cave|top|||fill|||stone||||dungeon||||dungeon_alt|||
#cold_temperate|cave|top|||fill|||stone||||dungeon||||dungeon_alt|||
cold_temperate|ocean|top|||fill|sand,sand|sand,sand|sand,sand|stone|stone_sandstone,stone_sandstone|stone_sandstone,stone_sandstone|stone_sandstone,stone_sandstone|dungeon|stone,stone|stone,stone|stone,stone|dungeon_alt|ice,ice_2|ice,ice_2|ice,ice_2
cold_temperate|beach|top|||fill|sand,sand|sand,sand|sand,sand|stone|stone_sandstone,stone_sandstone|stone_sandstone,stone_sandstone|stone_sandstone,stone_sandstone|dungeon|stone,stone|stone,stone|stone,stone|dungeon_alt|ice,ice_2|ice,ice_2|ice,ice_2
cold_temperate|coastal|top|_with_snow,_with_snow|_with_litter_moss,_with_litter_moss|fill|dirt_permafrost,dirt_permafrost_stoney|dirt_permafrost,dirt_permafrost_stoney|dirt_permafrost,dirt_permafrost_stoney|stone|stone_sandstone_desert_stone,stone_desert|stone_sandstone,stone_sandstone_desert|stone_siltstone,stone|dungeon|stone,stone|stone,stone|stone,stone|dungeon_alt|ice,ice_2|ice,ice_2|ice,ice_2
cold_temperate|lowland|top|_with_snow,_with_snow|_with_litter_moss,_with_litter_moss|fill|dirt_permafrost,dirt_permafrost_stoney|dirt_permafrost,dirt_permafrost_stoney|dirt_permafrost,dirt_permafrost_stoney|stone|stone_sandstone_desert_stone,stone_desert|stone_sandstone,stone_sandstone_desert|stone_siltstone,stone|dungeon|stone,stone|stone,stone|stone,stone|dungeon_alt|ice,ice_2|ice,ice_2|ice,ice_2
cold_temperate|shelf|top|_with_snow,_with_snow|_with_litter_moss,_with_litter_moss|fill|dirt_permafrost,dirt_permafrost_stoney|dirt_permafrost,dirt_permafrost_stoney|dirt_permafrost,dirt_permafrost_stoney|stone|stone_sandstone_desert_stone,stone_desert|stone_sandstone,stone_sandstone_desert|stone_siltstone,stone|dungeon|stone,stone|stone,stone|stone,stone|dungeon_alt|ice,ice_2|ice,ice_2|ice,ice_2
cold_temperate|highland|top|_with_snow,_with_snow|_with_litter_moss,_with_litter_moss|fill|dirt_permafrost,dirt_permafrost_stoney|dirt_permafrost,dirt_permafrost_stoney|dirt_permafrost,dirt_permafrost_stoney|stone|stone_sandstone_desert_stone,stone_desert|stone_sandstone,stone_sandstone_desert|stone_siltstone,stone|dungeon|stone,stone|stone,stone|stone,stone|dungeon_alt|ice,ice_2|ice,ice_2|ice,ice_2
cold_temperate|mountain|top|||fill|stone,stone_desert|stone,stone_desert|stone,stone_desert|stone|stone,stone_desert|stone,stone_desert|stone,stone_desert|dungeon|stone,stone|stone,stone|stone,stone|dungeon_alt|ice,ice_2|ice,ice_2|ice,ice_2
cold_temperate|strato|top|||fill|stone,stone_desert|stone,stone_desert|stone,stone_desert|stone|stone,stone_desert|stone,stone_desert|stone,stone_desert|dungeon|stone,stone|stone,stone|stone,stone|dungeon_alt|ice,ice_2|ice,ice_2|ice,ice_2
#
#cold_semiarid|deep_cave|top|||fill|||stone||||dungeon||||dungeon_alt|||
#cold_semiarid|cave|top|||fill|||stone||||dungeon||||dungeon_alt|||
cold_semiarid|ocean|top|||fill|sand,sand|sand,sand|sand,sand|stone|stone_sandstone,stone_sandstone|stone_sandstone,stone_sandstone|stone_sandstone,stone_sandstone|dungeon|ice,ice_2|ice,ice_2|ice,ice_2|dungeon_alt|ice,ice_2|ice,ice_2|ice,ice_2
cold_semiarid|beach|top|||fill|sand,sand|sand,sand|sand,sand|stone|stone_sandstone,stone_sandstone|stone_sandstone,stone_sandstone|stone_sandstone,stone_sandstone|dungeon|ice,ice_2|ice,ice_2|ice,ice_2|dungeon_alt|ice,ice_2|ice,ice_2|ice,ice_2
cold_semiarid|coastal|top|_with_snow,_with_snow|_with_litter_stones,_with_litter_stones|fill|dirt_permafrost,dirt_permafrost_stoney|dirt_permafrost,dirt_permafrost_stoney|dirt_permafrost,dirt_permafrost_stoney|stone|stone_sandstone_desert_stone,stone_desert|stone_sandstone,stone_sandstone_desert|stone_siltstone,stone|dungeon|ice,ice_2|ice,ice_2|ice,ice_2|dungeon_alt|ice,ice_2|ice,ice_2|ice,ice_2
cold_semiarid|lowland|top|_with_snow,_with_snow|_with_litter_stones,_with_litter_stones|fill|dirt_permafrost,dirt_permafrost_stoney|dirt_permafrost,dirt_permafrost_stoney|dirt_permafrost,dirt_permafrost_stoney|stone|stone_sandstone_desert_stone,stone_desert|stone_sandstone,stone_sandstone_desert|stone_siltstone,stone|dungeon|ice,ice_2|ice,ice_2|ice,ice_2|dungeon_alt|ice,ice_2|ice,ice_2|ice,ice_2
cold_semiarid|shelf|top|_with_snow,_with_snow|_with_litter_stones,_with_litter_stones|fill|dirt_permafrost,dirt_permafrost_stoney|dirt_permafrost,dirt_permafrost_stoney|dirt_permafrost,dirt_permafrost_stoney|stone|stone_sandstone_desert_stone,stone_desert|stone_sandstone,stone_sandstone_desert|stone_siltstone,stone|dungeon|ice,ice_2|ice,ice_2|ice,ice_2|dungeon_alt|ice,ice_2|ice,ice_2|ice,ice_2
cold_semiarid|highland|top|_with_snow,_with_snow|_with_litter_stones,_with_litter_stones|fill|dirt_permafrost,dirt_permafrost_stoney|dirt_permafrost,dirt_permafrost_stoney|dirt_permafrost,dirt_permafrost_stoney|stone|stone_sandstone_desert_stone,stone_desert|stone_sandstone,stone_sandstone_desert|stone_siltstone,stone|dungeon|ice,ice_2|ice,ice_2|ice,ice_2|dungeon_alt|ice,ice_2|ice,ice_2|ice,ice_2
cold_semiarid|mountain|top|||fill|stone,stone_desert|stone,stone_desert|stone,stone_desert|stone|stone,stone_desert|stone,stone_desert|stone,stone_desert|dungeon|ice,ice_2|ice,ice_2|ice,ice_2|dungeon_alt|ice,ice_2|ice,ice_2|ice,ice_2
cold_semiarid|strato|top|||fill|stone,stone_desert|stone,stone_desert|stone,stone_desert|stone|stone,stone_desert|stone,stone_desert|stone,stone_desert|dungeon|ice,ice_2|ice,ice_2|ice,ice_2|dungeon_alt|ice,ice_2|ice,ice_2|ice,ice_2
#
#cold_arid|deep_cave|top|||fill|||stone||||dungeon||||dungeon_alt|||
#cold_arid|cave|top|||fill|||stone||||dungeon||||dungeon_alt|||
cold_arid|ocean|top|||fill|sand,sand|sand,sand|sand,sand|stone|stone_sandstone,stone_sandstone|stone_sandstone,stone_sandstone|stone_sandstone,stone_sandstone|dungeon|ice,ice_2|ice,ice_2|ice,ice_2|dungeon_alt|ice,ice_2|ice,ice_2|ice,ice_2
cold_arid|beach|top|||fill|sand,sand|sand,sand|sand,sand|stone|stone_sandstone,stone_sandstone|stone_sandstone,stone_sandstone|stone_sandstone,stone_sandstone|dungeon|ice,ice_2|ice,ice_2|ice,ice_2|dungeon_alt|ice,ice_2|ice,ice_2|ice,ice_2
cold_arid|coastal|top|_with_snow,_with_snow|_with_litter_stones,_with_litter_stones|fill|dirt_permafrost,dirt_permafrost_stoney|dirt_permafrost,dirt_permafrost_stoney|dirt_permafrost,dirt_permafrost_stoney|stone|stone_sandstone_desert_stone,stone_desert|stone_sandstone,stone_sandstone_desert|stone_siltstone,stone|dungeon|ice,ice_2|ice,ice_2|ice,ice_2|dungeon_alt|ice,ice_2|ice,ice_2|ice,ice_2
cold_arid|lowland|top|_with_snow,_with_snow|_with_litter_stones,_with_litter_stones|fill|dirt_permafrost,dirt_permafrost_stoney|dirt_permafrost,dirt_permafrost_stoney|dirt_permafrost,dirt_permafrost_stoney|stone|stone_sandstone_desert_stone,stone_desert|stone_sandstone,stone_sandstone_desert|stone_siltstone,stone|dungeon|ice,ice_2|ice,ice_2|ice,ice_2|dungeon_alt|ice,ice_2|ice,ice_2|ice,ice_2
cold_arid|shelf|top|_with_snow,_with_snow|_with_litter_stones,_with_litter_stones|fill|dirt_permafrost,dirt_permafrost_stoney|dirt_permafrost,dirt_permafrost_stoney|dirt_permafrost,dirt_permafrost_stoney|stone|stone_sandstone_desert_stone,stone_desert|stone_sandstone,stone_sandstone_desert|stone_siltstone,stone|dungeon|ice,ice_2|ice,ice_2|ice,ice_2|dungeon_alt|ice,ice_2|ice,ice_2|ice,ice_2
cold_arid|highland|top|_with_snow,_with_snow|_with_litter_stones,_with_litter_stones|fill|dirt_permafrost,dirt_permafrost_stoney|dirt_permafrost,dirt_permafrost_stoney|dirt_permafrost,dirt_permafrost_stoney|stone|stone_sandstone_desert_stone,stone_desert|stone_sandstone,stone_sandstone_desert|stone_siltstone,stone|dungeon|ice,ice_2|ice,ice_2|ice,ice_2|dungeon_alt|ice,ice_2|ice,ice_2|ice,ice_2
cold_arid|mountain|top|||fill|stone,stone_desert|stone,stone_desert|stone,stone_desert|stone|stone,stone_desert|stone,stone_desert|stone,stone_desert|dungeon|ice,ice_2|ice,ice_2|ice,ice_2|dungeon_alt|ice,ice_2|ice,ice_2|ice,ice_2
cold_arid|strato|top|||fill|stone,stone_desert|stone,stone_desert|stone,stone_desert|stone|stone,stone_desert|stone,stone_desert|stone,stone_desert|dungeon|ice,ice_2|ice,ice_2|ice,ice_2|dungeon_alt|ice,ice_2|ice,ice_2|ice,ice_2


